MM:DD:YY,MillisSinceMidnight,WT1_Count,WT2_Count,WT3_Count,WT4_Count,ADH1_Count,ADH2_Count,ADH3_Count,ADH4_Count,WT1_Duration,WT2_Duration,WT3_Duration,WT4_Duration,ADH1_Duration,ADH2_Duration,ADH3_Duration,ADH4_Duration
6/6/2024,32201917,0,0,0,0,1,0,0,0,0,0,0,0,36,0,0,0
6/6/2024,32202268,0,0,0,1,1,0,0,0,0,0,0,55,36,0,0,0
6/6/2024,32203213,0,0,0,1,1,1,0,0,0,0,0,55,36,36,0,0
6/6/2024,32203907,0,0,0,1,1,2,0,0,0,0,0,55,36,24,0,0
6/6/2024,32204317,0,0,0,1,2,2,0,0,0,0,0,55,48,24,0,0
6/6/2024,32206629,0,0,0,1,3,2,0,0,0,0,0,55,18,24,0,0
6/6/2024,32206823,0,0,0,1,4,2,0,0,0,0,0,55,24,24,0,0
6/6/2024,32211497,0,0,0,2,4,2,0,0,0,0,0,24,24,24,0,0
6/6/2024,32212998,0,0,0,3,4,2,0,0,0,0,0,43,24,24,0,0
6/6/2024,32212217,0,0,0,4,4,2,0,0,0,0,0,18,24,24,0,0
6/6/2024,32212426,0,0,0,5,4,2,0,0,0,0,0,30,24,24,0,0
6/6/2024,32212632,0,0,0,6,4,2,0,0,0,0,0,30,24,24,0,0
6/6/2024,32213181,0,0,0,7,4,2,0,0,0,0,0,37,24,24,0,0
6/6/2024,32213412,0,0,0,8,4,2,0,0,0,0,0,36,24,24,0,0
6/6/2024,32213666,0,0,0,9,4,2,0,0,0,0,0,48,24,24,0,0
6/6/2024,32214106,0,1,0,9,4,2,0,0,0,42,0,48,24,24,0,0
6/6/2024,32214325,0,2,0,9,4,2,0,0,0,25,0,48,24,24,0,0
6/6/2024,32214564,0,3,0,9,4,2,0,0,0,30,0,48,24,24,0,0
6/6/2024,32214795,0,4,0,9,4,2,0,0,0,30,0,48,24,24,0,0
6/6/2024,32214934,0,4,0,10,4,2,0,0,0,30,0,145,24,24,0,0
6/6/2024,32216757,0,5,0,10,4,2,0,0,0,24,0,145,24,24,0,0
6/6/2024,32216963,0,6,0,10,4,2,0,0,0,36,0,145,24,24,0,0
6/6/2024,32217187,0,7,0,10,4,2,0,0,0,30,0,145,24,24,0,0
6/6/2024,32217435,0,8,0,10,4,2,0,0,0,42,0,145,24,24,0,0
6/6/2024,32217574,0,8,0,11,4,2,0,0,0,42,0,12,24,24,0,0
6/6/2024,32219387,0,8,0,12,4,2,0,0,0,42,0,24,24,24,0,0
6/6/2024,32219720,0,8,0,13,4,2,0,0,0,42,0,42,24,24,0,0
6/6/2024,32221021,0,8,1,13,4,2,0,0,0,42,6,42,24,24,0,0
6/6/2024,32221198,0,8,2,13,4,2,0,0,0,42,36,42,24,24,0,0
6/6/2024,32221464,0,8,3,13,4,2,0,0,0,42,30,42,24,24,0,0
6/6/2024,32222278,0,8,4,13,4,2,0,0,0,42,12,42,24,24,0,0
6/6/2024,32224501,0,8,4,13,4,3,0,0,0,42,12,42,24,18,0,0
6/6/2024,32228973,0,8,4,14,4,3,0,0,0,42,12,12,24,18,0,0
6/6/2024,32229221,0,8,4,15,4,3,0,0,0,42,12,36,24,18,0,0
6/6/2024,32229434,0,8,4,16,4,3,0,0,0,42,12,36,24,18,0,0
6/6/2024,32229628,0,8,4,17,4,3,0,0,0,42,12,36,24,18,0,0
6/6/2024,32229853,0,8,4,18,4,3,0,0,0,42,12,36,24,18,0,0
6/6/2024,32230059,0,8,4,19,4,3,0,0,0,42,12,19,24,18,0,0
6/6/2024,32231763,0,8,4,19,5,3,0,0,0,42,12,19,12,18,0,0
6/6/2024,32232965,0,8,4,19,6,3,0,0,0,42,12,19,54,18,0,0
6/6/2024,32234375,0,8,4,19,6,3,1,0,0,42,12,19,54,18,24,0
6/6/2024,32234617,0,8,4,19,6,3,2,0,0,42,12,19,54,18,30,0
6/6/2024,32235244,0,8,4,19,6,3,3,0,0,42,12,19,54,18,12,0
6/6/2024,32235421,0,8,4,19,6,3,4,0,0,42,12,19,54,18,48,0
6/6/2024,32235657,0,8,4,19,6,3,5,0,0,42,12,19,54,18,12,0
6/6/2024,32237222,0,8,4,19,7,3,5,0,0,42,12,19,54,18,12,0
6/6/2024,32237733,0,8,4,19,7,3,6,0,0,42,12,19,54,18,12,0
6/6/2024,32238029,0,8,4,19,8,3,6,0,0,42,12,19,85,18,12,0
6/6/2024,32238687,0,8,4,19,8,4,6,0,0,42,12,19,85,826,12,0
6/6/2024,32240837,0,8,4,19,8,4,7,0,0,42,12,19,85,826,24,0
6/6/2024,32241097,0,8,4,19,8,4,8,0,0,42,12,19,85,826,6,0
6/6/2024,32241280,0,8,4,19,8,4,9,0,0,42,12,19,85,826,12,0
6/6/2024,32241469,0,8,4,19,8,4,10,0,0,42,12,19,85,826,37,0
6/6/2024,32241645,0,8,5,19,8,4,10,0,0,42,12,19,85,826,37,0
6/6/2024,32241814,0,9,5,19,8,4,10,0,0,24,12,19,85,826,37,0
6/6/2024,32241939,0,9,5,19,8,4,11,0,0,24,12,19,85,826,134,0
6/6/2024,32242116,0,9,5,19,8,4,12,0,0,24,12,19,85,826,24,0
6/6/2024,32242407,0,9,5,19,8,4,13,0,0,24,12,19,85,826,24,0
6/6/2024,32242617,0,9,6,19,8,4,13,0,0,24,42,19,85,826,24,0
6/6/2024,32242768,0,9,6,19,8,4,14,0,0,24,42,19,85,826,24,0
6/6/2024,32242935,0,9,7,19,8,4,14,0,0,24,12,19,85,826,24,0
6/6/2024,32243280,0,9,8,19,8,4,14,0,0,24,54,19,85,826,24,0
6/6/2024,32244726,0,9,9,19,8,4,14,0,0,24,102,19,85,826,24,0
6/6/2024,32244860,0,9,10,19,8,4,14,0,0,24,6,19,85,826,24,0
6/6/2024,32245661,0,9,11,19,8,4,14,0,0,24,85,19,85,826,24,0
6/6/2024,32246186,0,10,11,19,8,4,14,0,0,30,85,19,85,826,24,0
6/6/2024,32246425,0,11,11,19,8,4,14,0,0,30,85,19,85,826,24,0
6/6/2024,32246650,0,12,11,19,8,4,14,0,0,36,85,19,85,826,24,0
6/6/2024,32246856,0,13,11,19,8,4,14,0,0,36,85,19,85,826,24,0
6/6/2024,32247075,0,14,11,19,8,4,14,0,0,31,85,19,85,826,24,0
6/6/2024,32247282,0,14,12,19,8,4,14,0,0,31,42,19,85,826,24,0
6/6/2024,32247409,0,15,12,19,8,4,14,0,0,158,42,19,85,826,24,0
6/6/2024,32247556,0,15,12,20,8,4,14,0,0,158,42,12,85,826,24,0
6/6/2024,32247757,0,16,12,20,8,4,14,0,0,48,42,12,85,826,24,0
6/6/2024,32247994,0,17,12,20,8,4,14,0,0,42,42,12,85,826,24,0
6/6/2024,32248230,0,18,12,20,8,4,14,0,0,24,42,12,85,826,24,0
6/6/2024,32248364,0,19,12,20,8,4,14,0,0,6,42,12,85,826,24,0
6/6/2024,32248505,0,19,12,21,8,4,14,0,0,6,42,12,85,826,24,0
6/6/2024,32248724,0,19,12,22,8,4,14,0,0,6,42,42,85,826,24,0
6/6/2024,32248919,0,19,12,23,8,4,14,0,0,6,42,36,85,826,24,0
6/6/2024,32249097,0,19,13,23,8,4,14,0,0,6,464,36,85,826,24,0
6/6/2024,32249273,0,20,13,23,8,4,14,0,0,30,464,36,85,826,24,0
6/6/2024,32249415,0,20,13,24,8,4,14,0,0,30,464,18,85,826,24,0
6/6/2024,32249614,0,21,13,24,8,4,14,0,0,36,464,18,85,826,24,0
6/6/2024,32249738,0,21,13,25,8,4,14,0,0,36,464,141,85,826,24,0
6/6/2024,32249961,0,22,13,25,8,4,14,0,0,48,464,141,85,826,24,0
6/6/2024,32250200,0,23,13,25,8,4,14,0,0,48,464,141,85,826,24,0
6/6/2024,32250389,0,23,13,26,8,4,14,0,0,48,464,42,85,826,24,0
6/6/2024,32250528,0,24,13,26,8,4,14,0,0,12,464,42,85,826,24,0
6/6/2024,32250747,0,25,13,26,8,4,14,0,0,24,464,42,85,826,24,0
6/6/2024,32250900,0,25,13,27,8,4,14,0,0,24,464,24,85,826,24,0
6/6/2024,32251087,0,26,13,27,8,4,14,0,0,36,464,24,85,826,24,0
6/6/2024,32251317,0,27,13,27,8,4,14,0,0,43,464,24,85,826,24,0
6/6/2024,32251450,0,27,13,28,8,4,14,0,0,43,464,143,85,826,24,0
6/6/2024,32251686,0,28,13,28,8,4,14,0,0,48,464,143,85,826,24,0
6/6/2024,32251810,0,28,13,29,8,4,14,0,0,48,464,164,85,826,24,0
6/6/2024,32252045,0,29,13,29,8,4,14,0,0,42,464,164,85,826,24,0
6/6/2024,32252168,0,29,14,29,8,4,14,0,0,42,359,164,85,826,24,0
6/6/2024,32252292,0,29,14,29,8,4,15,0,0,42,359,164,85,826,268,0
6/6/2024,32252445,0,29,14,30,8,4,15,0,0,42,359,24,85,826,268,0
6/6/2024,32252603,0,30,14,30,8,4,15,0,0,30,359,24,85,826,268,0
6/6/2024,32252817,0,30,14,31,8,4,15,0,0,30,359,42,85,826,268,0
6/6/2024,32252944,0,31,14,31,8,4,15,0,0,158,359,42,85,826,268,0
6/6/2024,32253157,0,31,14,32,8,4,15,0,0,158,359,42,85,826,268,0
6/6/2024,32253363,0,31,14,33,8,4,15,0,0,158,359,18,85,826,268,0
6/6/2024,32253504,0,31,14,34,8,4,15,0,0,158,359,12,85,826,268,0
6/6/2024,32253635,0,31,15,34,8,4,15,0,0,158,568,12,85,826,268,0
6/6/2024,32253762,0,32,15,34,8,4,15,0,0,636,568,12,85,826,268,0
6/6/2024,32253922,0,32,15,35,8,4,15,0,0,636,568,18,85,826,268,0
6/6/2024,32254242,0,32,15,36,8,4,15,0,0,636,568,12,85,826,268,0
6/6/2024,32254479,0,32,15,37,8,4,15,0,0,636,568,30,85,826,268,0
6/6/2024,32254698,0,32,15,38,8,4,15,0,0,636,568,30,85,826,268,0
6/6/2024,32255051,0,32,15,39,8,4,15,0,0,636,568,36,85,826,268,0
6/6/2024,32255270,0,32,15,40,8,4,15,0,0,636,568,18,85,826,268,0
6/6/2024,32255518,0,32,15,41,8,4,15,0,0,636,568,42,85,826,268,0
6/6/2024,32255760,0,32,15,42,8,4,15,0,0,636,568,42,85,826,268,0
6/6/2024,32256087,0,32,15,43,8,4,15,0,0,636,568,18,85,826,268,0
6/6/2024,32256318,0,32,15,44,8,4,15,0,0,636,568,18,85,826,268,0
6/6/2024,32256545,0,32,15,45,8,4,15,0,0,636,568,18,85,826,268,0
6/6/2024,32256794,0,32,15,46,8,4,15,0,0,636,568,48,85,826,268,0
6/6/2024,32257012,0,32,15,47,8,4,15,0,0,636,568,42,85,826,268,0
6/6/2024,32257249,0,32,15,48,8,4,15,0,0,636,568,42,85,826,268,0
6/6/2024,32257429,1,32,15,48,8,4,15,0,18,636,568,42,85,826,268,0
6/6/2024,32257680,1,32,15,49,8,4,15,0,18,636,568,36,85,826,268,0
6/6/2024,32257923,1,32,15,50,8,4,15,0,18,636,568,42,85,826,268,0
6/6/2024,32258150,1,32,15,51,8,4,15,0,18,636,568,36,85,826,268,0
6/6/2024,32258615,1,32,15,52,8,4,15,0,18,636,568,30,85,826,268,0
6/6/2024,32258815,1,32,15,53,8,4,15,0,18,636,568,6,85,826,268,0
6/6/2024,32259046,1,32,15,54,8,4,15,0,18,636,568,36,85,826,268,0
6/6/2024,32259270,1,32,15,55,8,4,15,0,18,636,568,24,85,826,268,0
6/6/2024,32259495,1,32,15,56,8,4,15,0,18,636,568,30,85,826,268,0
6/6/2024,32259740,1,32,15,57,8,4,15,0,18,636,568,42,85,826,268,0
6/6/2024,32260073,1,32,15,58,8,4,15,0,18,636,568,24,85,826,268,0
6/6/2024,32260436,1,32,15,59,8,4,15,0,18,636,568,42,85,826,268,0
6/6/2024,32260660,1,32,15,60,8,4,15,0,18,636,568,30,85,826,268,0
6/6/2024,32260902,1,32,15,61,8,4,15,0,18,636,568,24,85,826,268,0
6/6/2024,32261145,1,32,15,62,8,4,15,0,18,636,568,30,85,826,268,0
6/6/2024,32261277,1,32,15,62,8,4,16,0,18,636,568,30,85,826,6,0
6/6/2024,32261435,1,32,15,62,8,4,17,0,18,636,568,30,85,826,30,0
6/6/2024,32261621,1,32,15,63,8,4,17,0,18,636,568,18,85,826,30,0
6/6/2024,32261799,1,32,15,63,8,4,18,0,18,636,568,18,85,826,42,0
6/6/2024,32262096,1,32,15,63,8,4,19,0,18,636,568,18,85,826,24,0
6/6/2024,32262349,1,32,15,64,8,4,19,0,18,636,568,42,85,826,24,0
6/6/2024,32262569,1,32,15,64,8,4,20,0,18,636,568,42,85,826,36,0
6/6/2024,32262777,1,32,15,65,8,4,20,0,18,636,568,24,85,826,36,0
6/6/2024,32262943,1,32,15,65,8,4,21,0,18,636,568,24,85,826,42,0
6/6/2024,32263123,1,32,15,66,8,4,21,0,18,636,568,42,85,826,42,0
6/6/2024,32263354,1,32,15,67,8,4,21,0,18,636,568,36,85,826,42,0
6/6/2024,32263699,1,32,15,68,8,4,21,0,18,636,568,42,85,826,42,0
6/6/2024,32263823,1,32,15,68,8,4,22,0,18,636,568,42,85,826,159,0
6/6/2024,32264032,1,32,15,68,8,4,23,0,18,636,568,42,85,826,48,0
6/6/2024,32264159,1,32,15,69,8,4,23,0,18,636,568,158,85,826,48,0
6/6/2024,32264433,1,32,15,69,8,4,24,0,18,636,568,158,85,826,54,0
6/6/2024,32264614,1,32,15,70,8,4,24,0,18,636,568,36,85,826,54,0
6/6/2024,32264833,1,32,15,71,8,4,24,0,18,636,568,36,85,826,54,0
6/6/2024,32264957,1,32,15,71,8,4,24,1,18,636,568,36,85,826,54,135
6/6/2024,32265155,1,32,15,72,8,4,24,1,18,636,568,12,85,826,54,135
6/6/2024,32265406,1,32,15,73,8,4,24,1,18,636,568,30,85,826,54,135
6/6/2024,32265636,1,32,15,74,8,4,24,1,18,636,568,18,85,826,54,135
6/6/2024,32266126,1,32,15,75,8,4,24,1,18,636,568,42,85,826,54,135
6/6/2024,32266406,1,32,15,75,8,4,24,2,18,636,568,42,85,826,54,43
6/6/2024,32266663,2,32,15,75,8,4,24,2,36,636,568,42,85,826,54,43
6/6/2024,32267288,2,32,15,75,8,4,25,2,36,636,568,42,85,826,12,43
6/6/2024,32267521,2,32,15,75,8,4,26,2,36,636,568,42,85,826,48,43
6/6/2024,32267690,2,32,15,75,9,4,26,2,36,636,568,42,42,826,48,43
6/6/2024,32267904,2,32,15,75,9,4,27,2,36,636,568,42,42,826,60,43
6/6/2024,32268063,2,32,15,75,9,4,27,3,36,636,568,42,42,826,60,36
6/6/2024,32268865,2,32,15,75,9,4,27,4,36,636,568,42,42,826,60,30
6/6/2024,32269054,2,32,15,75,9,4,27,5,36,636,568,42,42,826,60,12
6/6/2024,32270069,2,32,15,75,9,4,27,6,36,636,568,42,42,826,60,884
6/6/2024,32272747,2,32,15,75,9,4,27,7,36,636,568,42,42,826,60,48
6/6/2024,32272931,2,33,15,75,9,4,27,7,36,48,568,42,42,826,60,48
6/6/2024,32273123,2,33,15,75,9,4,27,8,36,48,568,42,42,826,60,48
6/6/2024,32273248,2,34,15,75,9,4,27,8,36,140,568,42,42,826,60,48
6/6/2024,32273406,2,35,15,75,9,4,27,8,36,24,568,42,42,826,60,48
6/6/2024,32273532,2,35,15,75,9,4,27,9,36,24,568,42,42,826,60,134
6/6/2024,32273978,2,36,15,75,9,4,27,9,36,294,568,42,42,826,60,134
6/6/2024,32274187,2,36,15,75,9,4,28,9,36,294,568,42,42,826,12,134
6/6/2024,32275097,2,36,15,75,9,4,29,9,36,294,568,42,42,826,565,134
6/6/2024,32279682,2,36,15,75,9,4,30,9,36,294,568,42,42,826,691,134
6/6/2024,32286417,2,37,15,75,9,4,30,9,36,36,568,42,42,826,691,134
6/6/2024,32286798,2,38,15,75,9,4,30,9,36,42,568,42,42,826,691,134
6/6/2024,32287332,2,39,15,75,9,4,30,9,36,373,568,42,42,826,691,134
6/6/2024,32288864,2,39,15,75,10,4,30,9,36,373,568,42,36,826,691,134
6/6/2024,32294405,2,39,15,75,10,5,30,9,36,373,568,42,36,1010,691,134
6/6/2024,32313255,2,39,15,75,11,5,30,9,36,373,568,42,24,1010,691,134
6/6/2024,32314790,2,39,15,75,12,5,30,9,36,373,568,42,12,1010,691,134
6/6/2024,32318335,2,39,15,75,13,5,30,9,36,373,568,42,24,1010,691,134
6/6/2024,32328925,2,39,15,75,14,5,30,9,36,373,568,42,30,1010,691,134
6/6/2024,32330845,2,39,15,75,15,5,30,9,36,373,568,42,18,1010,691,134
6/6/2024,32331051,2,39,15,75,16,5,30,9,36,373,568,42,31,1010,691,134
6/6/2024,32332677,2,39,15,75,16,6,30,9,36,373,568,42,31,12,691,134
6/6/2024,32333045,2,39,15,75,17,6,30,9,36,373,568,42,48,12,691,134
6/6/2024,32333222,2,39,15,75,18,6,30,9,36,373,568,42,36,12,691,134
6/6/2024,32333461,2,39,15,75,19,6,30,9,36,373,568,42,43,12,691,134
6/6/2024,32333662,2,39,15,75,20,6,30,9,36,373,568,42,42,12,691,134
6/6/2024,32334355,2,39,15,75,21,6,30,9,36,373,568,42,48,12,691,134
6/6/2024,32334502,2,39,15,75,21,7,30,9,36,373,568,42,48,918,691,134
6/6/2024,32334677,2,39,15,75,22,7,30,9,36,373,568,42,48,918,691,134
6/6/2024,32334948,3,39,15,75,22,7,30,9,12,373,568,42,48,918,691,134
6/6/2024,32335076,3,39,15,75,23,7,30,9,12,373,568,42,162,918,691,134
6/6/2024,32335318,3,39,15,75,24,7,30,9,12,373,568,42,55,918,691,134
6/6/2024,32335729,3,39,15,75,25,7,30,9,12,373,568,42,30,918,691,134
6/6/2024,32335861,4,39,15,75,25,7,30,9,6,373,568,42,30,918,691,134
6/6/2024,32336022,4,39,15,75,26,7,30,9,6,373,568,42,36,918,691,134
6/6/2024,32336306,4,39,15,75,27,7,30,9,6,373,568,42,66,918,691,134
6/6/2024,32336477,5,39,15,75,27,7,30,9,18,373,568,42,66,918,691,134
6/6/2024,32336612,6,39,15,75,27,7,30,9,6,373,568,42,66,918,691,134
6/6/2024,32336909,7,39,15,75,27,7,30,9,42,373,568,42,66,918,691,134
6/6/2024,32337092,8,39,15,75,27,7,30,9,12,373,568,42,66,918,691,134
6/6/2024,32337226,9,39,15,75,27,7,30,9,6,373,568,42,66,918,691,134
6/6/2024,32337717,9,39,15,75,28,7,30,9,6,373,568,42,48,918,691,134
6/6/2024,32337902,9,39,15,75,29,7,30,9,6,373,568,42,42,918,691,134
6/6/2024,32338052,10,39,15,75,29,7,30,9,24,373,568,42,42,918,691,134
6/6/2024,32338333,10,39,15,75,30,7,30,9,24,373,568,42,54,918,691,134
6/6/2024,32338567,11,39,15,75,30,7,30,9,30,373,568,42,54,918,691,134
6/6/2024,32339051,12,39,15,75,30,7,30,9,24,373,568,42,54,918,691,134
6/6/2024,32339312,13,39,15,75,30,7,30,9,42,373,568,42,54,918,691,134
6/6/2024,32339527,14,39,15,75,30,7,30,9,42,373,568,42,54,918,691,134
6/6/2024,32339865,15,39,15,75,30,7,30,9,36,373,568,42,54,918,691,134
6/6/2024,32340132,16,39,15,75,30,7,30,9,36,373,568,42,54,918,691,134
6/6/2024,32340477,17,39,15,75,30,7,30,9,36,373,568,42,54,918,691,134
6/6/2024,32340822,18,39,15,75,30,7,30,9,24,373,568,42,54,918,691,134
6/6/2024,32341058,19,39,15,75,30,7,30,9,30,373,568,42,54,918,691,134
6/6/2024,32341273,20,39,15,75,30,7,30,9,18,373,568,42,54,918,691,134
6/6/2024,32341407,21,39,15,75,30,7,30,9,6,373,568,42,54,918,691,134
6/6/2024,32341637,22,39,15,75,30,7,30,9,12,373,568,42,54,918,691,134
6/6/2024,32341771,23,39,15,75,30,7,30,9,6,373,568,42,54,918,691,134
6/6/2024,32341984,24,39,15,75,30,7,30,9,18,373,568,42,54,918,691,134
6/6/2024,32342118,25,39,15,75,30,7,30,9,6,373,568,42,54,918,691,134
6/6/2024,32342347,26,39,15,75,30,7,30,9,12,373,568,42,54,918,691,134
6/6/2024,32342718,27,39,15,75,30,7,30,9,30,373,568,42,54,918,691,134
6/6/2024,32343071,28,39,15,75,30,7,30,9,36,373,568,42,54,918,691,134
6/6/2024,32343292,29,39,15,75,30,7,30,9,24,373,568,42,54,918,691,134
6/6/2024,32343680,30,39,15,75,30,7,30,9,42,373,568,42,54,918,691,134
6/6/2024,32344039,31,39,15,75,30,7,30,9,30,373,568,42,54,918,691,134
6/6/2024,32344502,32,39,15,75,30,7,30,9,42,373,568,42,54,918,691,134
6/6/2024,32344848,33,39,15,75,30,7,30,9,36,373,568,42,54,918,691,134
6/6/2024,32345195,34,39,15,75,30,7,30,9,42,373,568,42,54,918,691,134
6/6/2024,32345428,35,39,15,75,30,7,30,9,18,373,568,42,54,918,691,134
6/6/2024,32345660,36,39,15,75,30,7,30,9,30,373,568,42,54,918,691,134
6/6/2024,32345875,37,39,15,75,30,7,30,9,18,373,568,42,54,918,691,134
6/6/2024,32346246,38,39,15,75,30,7,30,9,18,373,568,42,54,918,691,134
6/6/2024,32346487,39,39,15,75,30,7,30,9,37,373,568,42,54,918,691,134
6/6/2024,32346708,40,39,15,75,30,7,30,9,24,373,568,42,54,918,691,134
6/6/2024,32346958,41,39,15,75,30,7,30,9,12,373,568,42,54,918,691,134
6/6/2024,32347094,42,39,15,75,30,7,30,9,6,373,568,42,54,918,691,134
6/6/2024,32347458,43,39,15,75,30,7,30,9,36,373,568,42,54,918,691,134
6/6/2024,32347709,44,39,15,75,30,7,30,9,36,373,568,42,54,918,691,134
6/6/2024,32348070,45,39,15,75,30,7,30,9,24,373,568,42,54,918,691,134
6/6/2024,32348321,46,39,15,75,30,7,30,9,30,373,568,42,54,918,691,134
6/6/2024,32348553,47,39,15,75,30,7,30,9,30,373,568,42,54,918,691,134
6/6/2024,32348791,48,39,15,75,30,7,30,9,36,373,568,42,54,918,691,134
6/6/2024,32349030,49,39,15,75,30,7,30,9,6,373,568,42,54,918,691,134
6/6/2024,32349172,50,39,15,75,30,7,30,9,12,373,568,42,54,918,691,134
6/6/2024,32349402,51,39,15,75,30,7,30,9,36,373,568,42,54,918,691,134
6/6/2024,32349899,52,39,15,75,30,7,30,9,24,373,568,42,54,918,691,134
6/6/2024,32350143,53,39,15,75,30,7,30,9,30,373,568,42,54,918,691,134
6/6/2024,32350370,54,39,15,75,30,7,30,9,25,373,568,42,54,918,691,134
6/6/2024,32350693,54,40,15,75,30,7,30,9,25,30,568,42,54,918,691,134
6/6/2024,32351640,55,40,15,75,30,7,30,9,18,30,568,42,54,918,691,134
6/6/2024,32351870,56,40,15,75,30,7,30,9,25,30,568,42,54,918,691,134
6/6/2024,32352085,57,40,15,75,30,7,30,9,6,30,568,42,54,918,691,134
6/6/2024,32352233,58,40,15,75,30,7,30,9,18,30,568,42,54,918,691,134
6/6/2024,32352934,59,40,15,75,30,7,30,9,36,30,568,42,54,918,691,134
6/6/2024,32353167,60,40,15,75,30,7,30,9,36,30,568,42,54,918,691,134
6/6/2024,32353411,61,40,15,75,30,7,30,9,36,30,568,42,54,918,691,134
6/6/2024,32353652,62,40,15,75,30,7,30,9,24,30,568,42,54,918,691,134
6/6/2024,32353896,63,40,15,75,30,7,30,9,30,30,568,42,54,918,691,134
6/6/2024,32354153,64,40,15,75,30,7,30,9,36,30,568,42,54,918,691,134
6/6/2024,32354536,65,40,15,75,30,7,30,9,24,30,568,42,54,918,691,134
6/6/2024,32358924,66,40,15,75,30,7,30,9,43,30,568,42,54,918,691,134
6/6/2024,32359458,67,40,15,75,30,7,30,9,30,30,568,42,54,918,691,134
6/6/2024,32360733,68,40,15,75,30,7,30,9,48,30,568,42,54,918,691,134
6/6/2024,32363134,68,40,15,75,30,7,31,9,48,30,568,42,54,918,6,134
6/6/2024,32363553,68,40,15,75,30,7,32,9,48,30,568,42,54,918,120,134
6/6/2024,32364663,68,40,15,75,30,7,33,9,48,30,568,42,54,918,30,134
6/6/2024,32367177,69,40,15,75,30,7,33,9,121,30,568,42,54,918,30,134
6/6/2024,32369400,70,40,15,75,30,7,33,9,36,30,568,42,54,918,30,134
6/6/2024,32370038,71,40,15,75,30,7,33,9,42,30,568,42,54,918,30,134
6/6/2024,32370282,72,40,15,75,30,7,33,9,48,30,568,42,54,918,30,134
6/6/2024,32370743,73,40,15,75,30,7,33,9,42,30,568,42,54,918,30,134
6/6/2024,32371751,74,40,15,75,30,7,33,9,324,30,568,42,54,918,30,134
6/6/2024,32378455,74,41,15,75,30,7,33,9,324,30,568,42,54,918,30,134
6/6/2024,32378663,74,42,15,75,30,7,33,9,324,48,568,42,54,918,30,134
6/6/2024,32378886,74,43,15,75,30,7,33,9,324,30,568,42,54,918,30,134
6/6/2024,32379094,74,44,15,75,30,7,33,9,324,18,568,42,54,918,30,134
6/6/2024,32379315,74,45,15,75,30,7,33,9,324,24,568,42,54,918,30,134
6/6/2024,32379565,74,46,15,75,30,7,33,9,324,24,568,42,54,918,30,134
6/6/2024,32379780,74,47,15,75,30,7,33,9,324,30,568,42,54,918,30,134
6/6/2024,32379988,74,48,15,75,30,7,33,9,324,30,568,42,54,918,30,134
6/6/2024,32380332,74,49,15,75,30,7,33,9,324,30,568,42,54,918,30,134
6/6/2024,32380540,74,50,15,75,30,7,33,9,324,24,568,42,54,918,30,134
6/6/2024,32380766,74,51,15,75,30,7,33,9,324,37,568,42,54,918,30,134
6/6/2024,32380993,74,52,15,75,30,7,33,9,324,48,568,42,54,918,30,134
6/6/2024,32381208,74,53,15,75,30,7,33,9,324,24,568,42,54,918,30,134
6/6/2024,32381458,74,54,15,75,30,7,33,9,324,42,568,42,54,918,30,134
6/6/2024,32381699,74,55,15,75,30,7,33,9,324,42,568,42,54,918,30,134
6/6/2024,32384168,75,55,15,75,30,7,33,9,78,42,568,42,54,918,30,134
6/6/2024,32392106,75,56,15,75,30,7,33,9,78,37,568,42,54,918,30,134
6/6/2024,32393186,75,57,15,75,30,7,33,9,78,54,568,42,54,918,30,134
6/6/2024,32401147,75,58,15,75,30,7,33,9,78,18,568,42,54,918,30,134
6/6/2024,32401337,75,59,15,75,30,7,33,9,78,42,568,42,54,918,30,134
6/6/2024,32401933,75,60,15,75,30,7,33,9,78,24,568,42,54,918,30,134
6/6/2024,32412924,75,61,15,75,30,7,33,9,78,18,568,42,54,918,30,134
6/6/2024,32421447,75,61,15,75,31,7,33,9,78,18,568,42,30,918,30,134
6/6/2024,32429094,75,61,16,75,31,7,33,9,78,18,12,42,30,918,30,134
6/6/2024,32429471,75,61,17,75,31,7,33,9,78,18,12,42,30,918,30,134
6/6/2024,32429004,75,61,18,75,31,7,33,9,78,18,42,42,30,918,30,134
6/6/2024,32430153,75,61,19,75,31,7,33,9,78,18,18,42,30,918,30,134
6/6/2024,32460538,75,61,19,75,32,7,33,9,78,18,18,42,12,918,30,134
6/6/2024,32460795,75,61,19,75,33,7,33,9,78,18,18,42,31,918,30,134
6/6/2024,32461875,75,61,19,75,34,7,33,9,78,18,18,42,18,918,30,134
6/6/2024,32461004,75,61,20,75,34,7,33,9,78,18,172,42,18,918,30,134
6/6/2024,32462248,75,61,21,75,34,7,33,9,78,18,31,42,18,918,30,134
6/6/2024,32462385,75,61,22,75,34,7,33,9,78,18,6,42,18,918,30,134
6/6/2024,32463258,75,61,23,75,34,7,33,9,78,18,48,42,18,918,30,134
6/6/2024,32463424,75,61,24,75,34,7,33,9,78,18,36,42,18,918,30,134
6/6/2024,32463578,75,61,25,75,34,7,33,9,78,18,24,42,18,918,30,134
6/6/2024,32475406,75,61,26,75,34,7,33,9,78,18,18,42,18,918,30,134
6/6/2024,32483010,75,61,27,75,34,7,33,9,78,18,60,42,18,918,30,134
6/6/2024,32507042,75,61,28,75,34,7,33,9,78,18,12,42,18,918,30,134
6/6/2024,32507211,75,61,29,75,34,7,33,9,78,18,36,42,18,918,30,134
6/6/2024,32508221,75,61,29,75,34,7,34,9,78,18,36,42,18,918,18,134
6/6/2024,32508730,75,61,29,75,34,7,35,9,78,18,36,42,18,918,30,134
6/6/2024,32508004,75,61,29,75,34,7,36,9,78,18,36,42,18,918,144,134
6/6/2024,32509200,75,61,29,75,34,7,37,9,78,18,36,42,18,918,55,134
6/6/2024,32509601,75,61,29,75,34,7,38,9,78,18,36,42,18,918,66,134
6/6/2024,32509806,75,61,29,75,34,7,39,9,78,18,36,42,18,918,72,134
6/6/2024,32509978,75,61,29,75,34,7,40,9,78,18,36,42,18,918,42,134
6/6/2024,32510193,75,61,29,75,34,7,41,9,78,18,36,42,18,918,42,134
6/6/2024,32510413,75,61,29,75,34,7,42,9,78,18,36,42,18,918,72,134
6/6/2024,32510610,75,61,29,75,34,7,43,9,78,18,36,42,18,918,18,134
6/6/2024,32510860,75,61,29,75,34,7,44,9,78,18,36,42,18,918,12,134
6/6/2024,32510023,76,61,29,75,34,7,44,9,18,18,36,42,18,918,12,134
6/6/2024,32511751,77,61,29,75,34,7,44,9,36,18,36,42,18,918,12,134
6/6/2024,32511972,78,61,29,75,34,7,44,9,30,18,36,42,18,918,12,134
6/6/2024,32512980,79,61,29,75,34,7,44,9,24,18,36,42,18,918,12,134
6/6/2024,32513212,80,61,29,75,34,7,44,9,42,18,36,42,18,918,12,134
6/6/2024,32513445,81,61,29,75,34,7,44,9,42,18,36,42,18,918,12,134
6/6/2024,32513683,82,61,29,75,34,7,44,9,36,18,36,42,18,918,12,134
6/6/2024,32514033,83,61,29,75,34,7,44,9,24,18,36,42,18,918,12,134
6/6/2024,32514957,84,61,29,75,34,7,44,9,42,18,36,42,18,918,12,134
6/6/2024,32515178,85,61,29,75,34,7,44,9,24,18,36,42,18,918,12,134
6/6/2024,32515416,86,61,29,75,34,7,44,9,42,18,36,42,18,918,12,134
6/6/2024,32515642,87,61,29,75,34,7,44,9,43,18,36,42,18,918,12,134
6/6/2024,32515875,88,61,29,75,34,7,44,9,30,18,36,42,18,918,12,134
6/6/2024,32516104,89,61,29,75,34,7,44,9,42,18,36,42,18,918,12,134
6/6/2024,32516337,90,61,29,75,34,7,44,9,30,18,36,42,18,918,12,134
6/6/2024,32516563,91,61,29,75,34,7,44,9,31,18,36,42,18,918,12,134
6/6/2024,32516826,92,61,29,75,34,7,44,9,30,18,36,42,18,918,12,134
6/6/2024,32517076,93,61,29,75,34,7,44,9,48,18,36,42,18,918,12,134
6/6/2024,32517303,94,61,29,75,34,7,44,9,30,18,36,42,18,918,12,134
6/6/2024,32517556,95,61,29,75,34,7,44,9,36,18,36,42,18,918,12,134
6/6/2024,32517806,96,61,29,75,34,7,44,9,36,18,36,42,18,918,12,134
6/6/2024,32518050,97,61,29,75,34,7,44,9,36,18,36,42,18,918,12,134
6/6/2024,32518184,97,61,29,75,34,7,45,9,36,18,36,42,18,918,6,134
6/6/2024,32518477,97,61,29,75,34,7,46,9,36,18,36,42,18,918,18,134
6/6/2024,32518949,97,61,29,75,34,7,47,9,36,18,36,42,18,918,12,134
6/6/2024,32535172,97,61,30,75,34,7,47,9,36,18,30,42,18,918,12,134
6/6/2024,32535407,97,61,31,75,34,7,47,9,36,18,48,42,18,918,12,134
6/6/2024,32541504,97,61,32,75,34,7,47,9,36,18,24,42,18,918,12,134
6/6/2024,32548428,98,61,32,75,34,7,47,9,12,18,24,42,18,918,12,134
6/6/2024,32548571,99,61,32,75,34,7,47,9,12,18,24,42,18,918,12,134
6/6/2024,32548719,100,61,32,75,34,7,47,9,18,18,24,42,18,918,12,134
6/6/2024,32556958,100,61,33,75,34,7,47,9,18,18,54,42,18,918,12,134
6/6/2024,32557476,100,61,34,75,34,7,47,9,18,18,384,42,18,918,12,134
6/6/2024,32574941,100,61,34,75,34,7,48,9,18,18,384,42,18,918,18,134
6/6/2024,32575120,100,61,34,75,34,7,49,9,18,18,384,42,18,918,24,134
6/6/2024,32575527,100,61,34,75,34,7,50,9,18,18,384,42,18,918,30,134
6/6/2024,32575862,100,61,34,75,34,7,51,9,18,18,384,42,18,918,36,134
6/6/2024,32576064,100,61,34,75,34,7,52,9,18,18,384,42,18,918,30,134
6/6/2024,32576257,100,61,34,75,34,7,53,9,18,18,384,42,18,918,30,134
6/6/2024,32576562,100,61,34,75,34,7,54,9,18,18,384,42,18,918,42,134
6/6/2024,32577065,100,61,34,75,34,7,55,9,18,18,384,42,18,918,48,134
6/6/2024,32577544,100,61,34,75,34,7,56,9,18,18,384,42,18,918,6,134
6/6/2024,32588638,100,61,34,75,34,7,57,9,18,18,384,42,18,918,36,134
6/6/2024,32589038,100,61,34,75,34,7,58,9,18,18,384,42,18,918,49,134
6/6/2024,32589268,100,61,34,75,34,7,59,9,18,18,384,42,18,918,36,134
6/6/2024,32589626,100,61,34,75,34,7,60,9,18,18,384,42,18,918,42,134
6/6/2024,32593304,100,61,34,75,34,7,61,9,18,18,384,42,18,918,18,134
6/6/2024,32594595,100,61,34,75,34,7,62,9,18,18,384,42,18,918,595,134
6/6/2024,32595643,100,61,35,75,34,7,62,9,18,18,72,42,18,918,595,134
6/6/2024,32596272,100,61,36,75,34,7,62,9,18,18,499,42,18,918,595,134
6/6/2024,32598119,100,61,37,75,34,7,62,9,18,18,138,42,18,918,595,134
6/6/2024,32598730,100,61,38,75,34,7,62,9,18,18,481,42,18,918,595,134
6/6/2024,32604200,101,61,38,75,34,7,62,9,60,18,481,42,18,918,595,134
6/6/2024,32604529,102,61,38,75,34,7,62,9,42,18,481,42,18,918,595,134
6/6/2024,32608049,102,61,38,75,34,7,63,9,42,18,481,42,18,918,559,134
6/6/2024,32609182,102,61,39,75,34,7,63,9,42,18,18,42,18,918,559,134
6/6/2024,32609369,102,61,40,75,34,7,63,9,42,18,24,42,18,918,559,134
6/6/2024,32609560,102,61,41,75,34,7,63,9,42,18,24,42,18,918,559,134
6/6/2024,32609739,102,61,42,75,34,7,63,9,42,18,30,42,18,918,559,134
6/6/2024,32609929,102,61,43,75,34,7,63,9,42,18,30,42,18,918,559,134
6/6/2024,32610114,102,61,44,75,34,7,63,9,42,18,37,42,18,918,559,134
6/6/2024,32610285,102,61,45,75,34,7,63,9,42,18,18,42,18,918,559,134
6/6/2024,32611453,102,61,46,75,34,7,63,9,42,18,36,42,18,918,559,134
6/6/2024,32611607,102,61,47,75,34,7,63,9,42,18,24,42,18,918,559,134
6/6/2024,32612531,102,61,48,75,34,7,63,9,42,18,18,42,18,918,559,134
6/6/2024,32612944,102,61,48,76,34,7,63,9,42,18,18,78,18,918,559,134
6/6/2024,32613170,102,61,49,76,34,7,63,9,42,18,18,78,18,918,559,134
6/6/2024,32613354,102,61,50,76,34,7,63,9,42,18,42,78,18,918,559,134
6/6/2024,32613517,102,61,51,76,34,7,63,9,42,18,24,78,18,918,559,134
6/6/2024,32614269,102,61,51,76,34,7,64,9,42,18,24,78,18,918,144,134
6/6/2024,32615216,102,61,52,76,34,7,64,9,42,18,12,78,18,918,144,134
6/6/2024,32615833,102,61,53,76,34,7,64,9,42,18,24,78,18,918,144,134
6/6/2024,32616119,102,61,54,76,34,7,64,9,42,18,42,78,18,918,144,134
6/6/2024,32616310,102,61,55,76,34,7,64,9,42,18,30,78,18,918,144,134
6/6/2024,32617697,102,61,55,76,34,7,64,10,42,18,30,78,18,918,144,12
6/6/2024,32617898,102,61,55,77,34,7,64,10,42,18,30,54,18,918,144,12
6/6/2024,32617028,102,61,56,77,34,7,64,10,42,18,433,54,18,918,144,12
6/6/2024,32618467,102,61,56,77,34,7,64,11,42,18,433,54,18,918,144,12
6/6/2024,32620596,103,61,56,77,34,7,64,11,301,18,433,54,18,918,144,12
6/6/2024,32620785,103,61,56,77,34,7,64,12,301,18,433,54,18,918,144,36
6/6/2024,32622583,103,61,56,77,34,7,64,13,301,18,433,54,18,918,144,830
6/6/2024,32627104,103,61,56,77,34,7,64,14,301,18,433,54,18,918,144,181
6/6/2024,32627312,103,61,56,77,34,7,64,15,301,18,433,54,18,918,144,78
6/6/2024,32627634,103,61,56,77,34,7,64,16,301,18,433,54,18,918,144,169
6/6/2024,32628811,103,61,56,77,34,7,64,17,301,18,433,54,18,918,144,782
6/6/2024,32638865,103,61,56,77,34,7,64,18,301,18,433,54,18,918,144,24
6/6/2024,32640439,103,61,56,77,35,7,64,18,301,18,433,54,24,918,144,24
6/6/2024,32641862,103,61,56,77,36,7,64,18,301,18,433,54,145,918,144,24
6/6/2024,32644868,103,61,56,77,36,7,64,19,301,18,433,54,145,918,144,1059
6/6/2024,32646087,103,61,56,77,36,7,64,20,301,18,433,54,145,918,144,589
6/6/2024,32661485,103,61,56,77,37,7,64,20,301,18,433,54,18,918,144,589
6/6/2024,32662163,103,61,56,77,38,7,64,20,301,18,433,54,24,918,144,589
6/6/2024,32663120,103,61,56,77,39,7,64,20,301,18,433,54,36,918,144,589
6/6/2024,32664099,103,61,56,77,40,7,64,20,301,18,433,54,36,918,144,589
6/6/2024,32664225,103,61,56,77,40,7,64,21,301,18,433,54,36,918,144,937
6/6/2024,32664564,103,61,56,77,41,7,64,21,301,18,433,54,30,918,144,937
6/6/2024,32664886,103,61,56,77,42,7,64,21,301,18,433,54,42,918,144,937
6/6/2024,32665166,103,61,56,77,43,7,64,21,301,18,433,54,48,918,144,937
6/6/2024,32665305,103,61,56,77,44,7,64,21,301,18,433,54,6,918,144,937
6/6/2024,32665658,103,61,56,77,45,7,64,21,301,18,433,54,42,918,144,937
6/6/2024,32672271,103,61,56,77,46,7,64,21,301,18,433,54,96,918,144,937
6/6/2024,32678308,103,61,56,77,46,7,64,22,301,18,433,54,96,918,144,25
6/6/2024,32678752,103,61,56,77,46,7,64,23,301,18,433,54,96,918,144,54
6/6/2024,32679165,103,61,56,77,46,7,64,24,301,18,433,54,96,918,144,54
6/6/2024,32679340,103,61,56,77,46,7,64,25,301,18,433,54,96,918,144,30
6/6/2024,32679669,103,61,56,77,46,7,64,26,301,18,433,54,96,918,144,30
6/6/2024,32680869,103,61,56,77,46,7,64,27,301,18,433,54,96,918,144,48
6/6/2024,32682178,103,61,56,77,46,7,64,28,301,18,433,54,96,918,144,6
6/6/2024,32683764,103,61,56,77,46,7,64,29,301,18,433,54,96,918,144,30
6/6/2024,32684802,103,61,56,77,46,7,64,30,301,18,433,54,96,918,144,908
6/6/2024,32685122,103,61,56,77,46,7,64,31,301,18,433,54,96,918,144,12
6/6/2024,32686202,103,61,56,77,46,7,64,32,301,18,433,54,96,918,144,48
6/6/2024,32686922,103,61,56,77,46,7,64,33,301,18,433,54,96,918,144,12
6/6/2024,32687215,103,61,56,77,46,7,64,34,301,18,433,54,96,918,144,109
6/6/2024,32688289,103,61,56,77,46,7,64,35,301,18,433,54,96,918,144,944
6/6/2024,32690488,103,61,56,77,46,7,64,36,301,18,433,54,96,918,144,78
6/6/2024,32690730,103,61,56,77,46,7,64,37,301,18,433,54,96,918,144,60
6/6/2024,32690004,103,61,56,77,46,7,64,38,301,18,433,54,96,918,144,97
6/6/2024,32691766,103,61,56,77,46,7,64,39,301,18,433,54,96,918,144,84
6/6/2024,32696094,103,61,56,77,46,7,64,40,301,18,433,54,96,918,144,6
6/6/2024,32696242,103,61,56,77,46,7,64,41,301,18,433,54,96,918,144,18
6/6/2024,32697250,103,61,56,77,46,7,64,42,301,18,433,54,96,918,144,55
6/6/2024,32703570,103,61,56,77,47,7,64,42,301,18,433,54,42,918,144,55
6/6/2024,32704271,103,61,56,77,48,7,64,42,301,18,433,54,36,918,144,55
6/6/2024,32725084,103,61,56,77,49,7,64,42,301,18,433,54,24,918,144,55
6/6/2024,32734091,103,61,56,77,50,7,64,42,301,18,433,54,42,918,144,55
6/6/2024,32736266,103,61,56,77,51,7,64,42,301,18,433,54,30,918,144,55
6/6/2024,32736787,103,61,56,77,52,7,64,42,301,18,433,54,30,918,144,55
6/6/2024,32737497,103,61,56,77,53,7,64,42,301,18,433,54,42,918,144,55
6/6/2024,32738608,103,61,56,77,54,7,64,42,301,18,433,54,48,918,144,55
6/6/2024,32739069,103,61,56,77,55,7,64,42,301,18,433,54,54,918,144,55
6/6/2024,32739554,103,61,56,77,56,7,64,42,301,18,433,54,48,918,144,55
6/6/2024,32744201,103,61,56,77,57,7,64,42,301,18,433,54,24,918,144,55
6/6/2024,32744494,103,61,56,77,58,7,64,42,301,18,433,54,48,918,144,55
6/6/2024,32744789,103,61,56,77,59,7,64,42,301,18,433,54,72,918,144,55
6/6/2024,32745334,103,61,56,77,60,7,64,42,301,18,433,54,24,918,144,55
6/6/2024,32752982,103,61,56,77,60,8,64,42,301,18,433,54,24,24,144,55
6/6/2024,32753027,103,61,56,77,60,9,64,42,301,18,433,54,24,559,144,55
6/6/2024,32764260,103,61,56,77,60,10,64,42,301,18,433,54,24,12,144,55
6/6/2024,32764462,103,61,56,77,60,11,64,42,301,18,433,54,24,18,144,55
6/6/2024,32764866,103,61,56,77,60,12,64,42,301,18,433,54,24,54,144,55
6/6/2024,32765538,103,61,56,77,60,13,64,42,301,18,433,54,24,12,144,55
6/6/2024,32766522,103,61,56,77,60,14,64,42,301,18,433,54,24,24,144,55
6/6/2024,32768078,103,61,56,77,60,15,64,42,301,18,433,54,24,18,144,55
6/6/2024,32768556,103,61,56,77,60,16,64,42,301,18,433,54,24,12,144,55
6/6/2024,32768957,103,61,56,77,60,17,64,42,301,18,433,54,24,30,144,55
6/6/2024,32769162,103,61,56,77,60,18,64,42,301,18,433,54,24,72,144,55
6/6/2024,32770471,103,61,56,77,60,19,64,42,301,18,433,54,24,24,144,55
6/6/2024,32770985,103,61,56,77,60,20,64,42,301,18,433,54,24,54,144,55
6/6/2024,32772968,103,61,56,77,60,21,64,42,301,18,433,54,24,649,144,55
6/6/2024,32782728,103,61,56,77,60,21,64,43,301,18,433,54,24,649,144,12
6/6/2024,32784061,103,61,56,77,60,21,64,44,301,18,433,54,24,649,144,535
6/6/2024,32784813,103,61,56,77,60,21,64,45,301,18,433,54,24,649,144,620
6/6/2024,32785087,103,61,56,77,60,22,64,45,301,18,433,54,24,737,144,620
6/6/2024,32785855,103,61,56,77,60,22,64,46,301,18,433,54,24,737,144,595
6/6/2024,32786671,103,61,56,77,60,22,64,47,301,18,433,54,24,737,144,102
6/6/2024,32787781,103,61,56,77,60,22,64,48,301,18,433,54,24,737,144,48
6/6/2024,32791076,103,61,56,77,60,22,65,48,301,18,433,54,24,737,49,48
6/6/2024,32791453,103,61,56,77,60,22,66,48,301,18,433,54,24,737,30,48
6/6/2024,32792071,103,61,56,77,60,22,67,48,301,18,433,54,24,737,24,48
6/6/2024,32792634,103,61,56,77,60,22,68,48,301,18,433,54,24,737,54,48
6/6/2024,32793288,103,61,56,77,60,22,69,48,301,18,433,54,24,737,42,48
6/6/2024,32793550,103,61,56,77,60,22,70,48,301,18,433,54,24,737,42,48
6/6/2024,32797701,103,61,56,77,60,22,70,49,301,18,433,54,24,737,42,72
6/6/2024,32801915,103,61,56,77,60,22,71,49,301,18,433,54,24,737,6,72
6/6/2024,32802345,103,61,56,77,60,22,72,49,301,18,433,54,24,737,18,72
6/6/2024,32802572,103,61,56,77,60,22,73,49,301,18,433,54,24,737,24,72
6/6/2024,32806020,103,61,56,77,60,23,73,49,301,18,433,54,24,595,24,72
6/6/2024,32809273,103,61,56,77,60,24,73,49,301,18,433,54,24,559,24,72
6/6/2024,32811373,103,61,56,77,60,24,74,49,301,18,433,54,24,559,24,72
6/6/2024,32811653,103,61,56,77,60,24,75,49,301,18,433,54,24,559,30,72
6/6/2024,32811825,103,61,56,77,60,24,76,49,301,18,433,54,24,559,12,72
6/6/2024,32814240,103,61,56,77,60,24,77,49,301,18,433,54,24,559,109,72
6/6/2024,32814743,103,61,56,77,60,24,78,49,301,18,433,54,24,559,18,72
6/6/2024,32820049,103,61,56,77,60,25,78,49,301,18,433,54,24,331,18,72
6/6/2024,32821970,103,61,56,77,60,26,78,49,301,18,433,54,24,523,18,72
6/6/2024,32889228,104,61,56,77,60,26,78,49,24,18,433,54,24,523,18,72
6/6/2024,32959322,104,61,56,78,60,26,78,49,24,18,433,42,24,523,18,72
6/6/2024,32959675,104,61,56,79,60,26,78,49,24,18,433,30,24,523,18,72
6/6/2024,32960178,104,61,56,80,60,26,78,49,24,18,433,36,24,523,18,72
6/6/2024,32960471,104,61,56,81,60,26,78,49,24,18,433,18,24,523,18,72
6/6/2024,32960676,104,61,56,82,60,26,78,49,24,18,433,30,24,523,18,72
6/6/2024,32961756,104,61,56,83,60,26,78,49,24,18,433,43,24,523,18,72
6/6/2024,32961958,104,61,56,84,60,26,78,49,24,18,433,36,24,523,18,72
6/6/2024,32962263,104,61,56,85,60,26,78,49,24,18,433,42,24,523,18,72
6/6/2024,32962478,104,61,56,86,60,26,78,49,24,18,433,36,24,523,18,72
6/6/2024,32962693,104,61,56,87,60,26,78,49,24,18,433,31,24,523,18,72
6/6/2024,32962934,104,61,56,88,60,26,78,49,24,18,433,42,24,523,18,72
6/6/2024,32963155,104,61,56,89,60,26,78,49,24,18,433,18,24,523,18,72
6/6/2024,33190689,105,61,56,89,60,26,78,49,30,18,433,18,24,523,18,72
6/6/2024,33190012,106,61,56,89,60,26,78,49,42,18,433,18,24,523,18,72
6/6/2024,33191395,107,61,56,89,60,26,78,49,24,18,433,18,24,523,18,72
6/6/2024,33191585,108,61,56,89,60,26,78,49,12,18,433,18,24,523,18,72
6/6/2024,33191796,109,61,56,89,60,26,78,49,12,18,433,18,24,523,18,72
6/6/2024,33191023,110,61,56,89,60,26,78,49,30,18,433,18,24,523,18,72
6/6/2024,33192333,111,61,56,89,60,26,78,49,42,18,433,18,24,523,18,72
6/6/2024,33192529,112,61,56,89,60,26,78,49,24,18,433,18,24,523,18,72
6/6/2024,33192744,113,61,56,89,60,26,78,49,30,18,433,18,24,523,18,72
6/6/2024,33192965,114,61,56,89,60,26,78,49,36,18,433,18,24,523,18,72
6/6/2024,33193182,115,61,56,89,60,26,78,49,30,18,433,18,24,523,18,72
6/6/2024,33193414,116,61,56,89,60,26,78,49,37,18,433,18,24,523,18,72
6/6/2024,33193725,117,61,56,89,60,26,78,49,42,18,433,18,24,523,18,72
6/6/2024,33193915,118,61,56,89,60,26,78,49,18,18,433,18,24,523,18,72
6/6/2024,33194130,119,61,56,89,60,26,78,49,12,18,433,18,24,523,18,72
6/6/2024,33194555,120,61,56,89,60,26,78,49,30,18,433,18,24,523,18,72
6/6/2024,33194768,121,61,56,89,60,26,78,49,30,18,433,18,24,523,18,72
6/6/2024,33194000,122,61,56,89,60,26,78,49,36,18,433,18,24,523,18,72
6/6/2024,33195227,123,61,56,89,60,26,78,49,30,18,433,18,24,523,18,72
6/6/2024,33195448,124,61,56,89,60,26,78,49,30,18,433,18,24,523,18,72
6/6/2024,33195806,125,61,56,89,60,26,78,49,36,18,433,18,24,523,18,72
6/6/2024,33195027,126,61,56,89,60,26,78,49,36,18,433,18,24,523,18,72
6/6/2024,33196231,127,61,56,89,60,26,78,49,12,18,433,18,24,523,18,72
6/6/2024,33196572,128,61,56,89,60,26,78,49,24,18,433,18,24,523,18,72
6/6/2024,33196924,129,61,56,89,60,26,78,49,30,18,433,18,24,523,18,72
6/6/2024,33197169,130,61,56,89,60,26,78,49,30,18,433,18,24,523,18,72
6/6/2024,33197407,131,61,56,89,60,26,78,49,36,18,433,18,24,523,18,72
6/6/2024,33197634,132,61,56,89,60,26,78,49,30,18,433,18,24,523,18,72
6/6/2024,33197880,133,61,56,89,60,26,78,49,42,18,433,18,24,523,18,72
6/6/2024,33197095,134,61,56,89,60,26,78,49,36,18,433,18,24,523,18,72
6/6/2024,33198321,135,61,56,89,60,26,78,49,30,18,433,18,24,523,18,72
6/6/2024,33198668,136,61,56,89,60,26,78,49,30,18,433,18,24,523,18,72
6/6/2024,33198883,137,61,56,89,60,26,78,49,12,18,433,18,24,523,18,72
6/6/2024,33198018,138,61,56,89,60,26,78,49,6,18,433,18,24,523,18,72
6/6/2024,33199245,139,61,56,89,60,26,78,49,36,18,433,18,24,523,18,72
6/6/2024,33199583,140,61,56,89,60,26,78,49,30,18,433,18,24,523,18,72
6/6/2024,33199918,141,61,56,89,60,26,78,49,30,18,433,18,24,523,18,72
6/6/2024,33200175,142,61,56,89,60,26,78,49,36,18,433,18,24,523,18,72
6/6/2024,33200396,143,61,56,89,60,26,78,49,31,18,433,18,24,523,18,72
6/6/2024,33200622,144,61,56,89,60,26,78,49,18,18,433,18,24,523,18,72
6/6/2024,33200879,145,61,56,89,60,26,78,49,36,18,433,18,24,523,18,72
6/6/2024,33201120,146,61,56,89,60,26,78,49,30,18,433,18,24,523,18,72
6/6/2024,33201364,147,61,56,89,60,26,78,49,36,18,433,18,24,523,18,72
6/6/2024,33201585,148,61,56,89,60,26,78,49,30,18,433,18,24,523,18,72
6/6/2024,33201823,149,61,56,89,60,26,78,49,36,18,433,18,24,523,18,72
6/6/2024,33201044,150,61,56,89,60,26,78,49,36,18,433,18,24,523,18,72
6/6/2024,33202277,151,61,56,89,60,26,78,49,24,18,433,18,24,523,18,72
6/6/2024,33202542,152,61,56,89,60,26,78,49,24,18,433,18,24,523,18,72
6/6/2024,33202781,153,61,56,89,60,26,78,49,12,18,433,18,24,523,18,72
6/6/2024,33202031,154,61,56,89,60,26,78,49,42,18,433,18,24,523,18,72
6/6/2024,33203263,155,61,56,89,60,26,78,49,36,18,433,18,24,523,18,72
6/6/2024,33203496,156,61,56,89,60,26,78,49,30,18,433,18,24,523,18,72
6/6/2024,33203758,157,61,56,89,60,26,78,49,18,18,433,18,24,523,18,72
6/6/2024,33204125,158,61,56,89,60,26,78,49,42,18,433,18,24,523,18,72
6/6/2024,33204346,159,61,56,89,60,26,78,49,30,18,433,18,24,523,18,72
6/6/2024,33204590,160,61,56,89,60,26,78,49,36,18,433,18,24,523,18,72
6/6/2024,33204840,161,61,56,89,60,26,78,49,30,18,433,18,24,523,18,72
6/6/2024,33204090,162,61,56,89,60,26,78,49,18,18,433,18,24,523,18,72
6/6/2024,33205335,163,61,56,89,60,26,78,49,24,18,433,18,24,523,18,72
6/6/2024,33205473,164,61,56,89,60,26,78,49,6,18,433,18,24,523,18,72
6/6/2024,33207143,165,61,56,89,60,26,78,49,18,18,433,18,24,523,18,72
6/6/2024,33207322,166,61,56,89,60,26,78,49,48,18,433,18,24,523,18,72
6/6/2024,33207669,167,61,56,89,60,26,78,49,42,18,433,18,24,523,18,72
6/6/2024,33207901,168,61,56,89,60,26,78,49,31,18,433,18,24,523,18,72
6/6/2024,33208248,169,61,56,89,60,26,78,49,18,18,433,18,24,523,18,72
6/6/2024,33208609,170,61,56,89,60,26,78,49,30,18,433,18,24,523,18,72
6/6/2024,33208830,171,61,56,89,60,26,78,49,24,18,433,18,24,523,18,72
6/6/2024,33208068,172,61,56,89,60,26,78,49,30,18,433,18,24,523,18,72
6/6/2024,33209451,173,61,56,89,60,26,78,49,36,18,433,18,24,523,18,72
6/6/2024,33209690,174,61,56,89,60,26,78,49,30,18,433,18,24,523,18,72
6/6/2024,33209030,175,61,56,89,60,26,78,49,42,18,433,18,24,523,18,72
6/6/2024,33210380,176,61,56,89,60,26,78,49,18,18,433,18,24,523,18,72
6/6/2024,33210744,177,61,56,89,60,26,78,49,30,18,433,18,24,523,18,72
6/6/2024,33210977,178,61,56,89,60,26,78,49,12,18,433,18,24,523,18,72
6/6/2024,33211341,179,61,56,89,60,26,78,49,30,18,433,18,24,523,18,72
6/6/2024,33211700,180,61,56,89,60,26,78,49,12,18,433,18,24,523,18,72
6/6/2024,33211058,181,61,56,89,60,26,78,49,31,18,433,18,24,523,18,72
6/6/2024,33212209,182,61,56,89,60,26,78,49,18,18,433,18,24,523,18,72
6/6/2024,33212676,183,61,56,89,60,26,78,49,30,18,433,18,24,523,18,72
6/6/2024,33212920,184,61,56,89,60,26,78,49,30,18,433,18,24,523,18,72
6/6/2024,33213165,185,61,56,89,60,26,78,49,30,18,433,18,24,523,18,72
6/6/2024,33213547,186,61,56,89,60,26,78,49,12,18,433,18,24,523,18,72
6/6/2024,33213683,187,61,56,89,60,26,78,49,6,18,433,18,24,523,18,72
6/6/2024,33213907,188,61,56,89,60,26,78,49,36,18,433,18,24,523,18,72
6/6/2024,33214145,189,61,56,89,60,26,78,49,31,18,433,18,24,523,18,72
6/6/2024,33214504,190,61,56,89,60,26,78,49,36,18,433,18,24,523,18,72
6/6/2024,33214959,191,61,56,89,60,26,78,49,36,18,433,18,24,523,18,72
6/6/2024,33215191,192,61,56,89,60,26,78,49,24,18,433,18,24,523,18,72
6/6/2024,33215435,193,61,56,89,60,26,78,49,36,18,433,18,24,523,18,72
6/6/2024,33215671,194,61,56,89,60,26,78,49,18,18,433,18,24,523,18,72
6/6/2024,33215915,195,61,56,89,60,26,78,49,30,18,433,18,24,523,18,72
6/6/2024,33216189,196,61,56,89,60,26,78,49,36,18,433,18,24,523,18,72
6/6/2024,33216542,197,61,56,89,60,26,78,49,24,18,433,18,24,523,18,72
6/6/2024,33216774,198,61,56,89,60,26,78,49,30,18,433,18,24,523,18,72
6/6/2024,33216019,199,61,56,89,60,26,78,49,36,18,433,18,24,523,18,72
6/6/2024,33217515,200,61,56,89,60,26,78,49,42,18,433,18,24,523,18,72
6/6/2024,33217766,201,61,56,89,60,26,78,49,36,18,433,18,24,523,18,72
6/6/2024,33217023,202,61,56,89,60,26,78,49,42,18,433,18,24,523,18,72
6/6/2024,33218508,203,61,56,89,60,26,78,49,36,18,433,18,24,523,18,72
6/6/2024,33566596,203,61,56,89,60,26,78,50,36,18,433,18,24,523,18,229
6/6/2024,33567809,203,61,56,89,60,26,78,51,36,18,433,18,24,523,18,956
6/6/2024,33886437,203,61,56,89,60,27,78,51,36,18,433,18,24,6,18,956
6/6/2024,33898788,203,61,56,89,60,28,78,51,36,18,433,18,24,697,18,956
6/6/2024,33905595,203,61,56,89,60,29,78,51,36,18,433,18,24,258,18,956
6/6/2024,33908684,203,61,56,89,60,30,78,51,36,18,433,18,24,692,18,956
6/6/2024,33923223,203,61,56,89,60,31,78,51,36,18,433,18,24,613,18,956
6/6/2024,34136880,203,61,56,89,60,32,78,51,36,18,433,18,24,36,18,956
6/6/2024,34137824,203,61,56,89,60,33,78,51,36,18,433,18,24,48,18,956
6/6/2024,34138315,203,61,56,89,60,34,78,51,36,18,433,18,24,36,18,956
6/6/2024,34138487,203,61,56,89,60,35,78,51,36,18,433,18,24,42,18,956
6/6/2024,34138045,203,61,56,89,60,36,78,51,36,18,433,18,24,42,18,956
6/6/2024,34139260,203,61,56,89,60,37,78,51,36,18,433,18,24,49,18,956
6/6/2024,34139589,203,61,56,89,60,38,78,51,36,18,433,18,24,54,18,956
6/6/2024,34141815,203,61,56,89,60,39,78,51,36,18,433,18,24,42,18,956
6/6/2024,34141030,203,61,56,89,60,40,78,51,36,18,433,18,24,18,18,956
6/6/2024,34142232,203,61,56,89,60,41,78,51,36,18,433,18,24,36,18,956
6/6/2024,34142518,203,61,56,89,60,42,78,51,36,18,433,18,24,24,18,956
6/6/2024,34142918,203,61,56,89,60,43,78,51,36,18,433,18,24,42,18,956
6/6/2024,34142199,203,61,56,89,60,44,78,51,36,18,433,18,24,18,18,956
6/6/2024,34143410,203,61,56,89,60,45,78,51,36,18,433,18,24,30,18,956
6/6/2024,34143642,203,61,56,89,60,46,78,51,36,18,433,18,24,42,18,956
6/6/2024,34143827,203,61,56,89,60,47,78,51,36,18,433,18,24,18,18,956
6/6/2024,34143059,203,61,56,89,60,48,78,51,36,18,433,18,24,48,18,956
6/6/2024,34144103,203,61,56,89,60,49,78,51,36,18,433,18,24,692,18,956
6/6/2024,34146737,203,61,56,89,60,50,78,51,36,18,433,18,24,42,18,956
6/6/2024,34147273,203,61,56,89,60,51,78,51,36,18,433,18,24,30,18,956
6/6/2024,34147614,203,61,56,89,60,52,78,51,36,18,433,18,24,36,18,956
6/6/2024,34147829,203,61,56,89,60,53,78,51,36,18,433,18,24,48,18,956
6/6/2024,34147025,203,61,56,89,60,54,78,51,36,18,433,18,24,42,18,956
6/6/2024,34148348,203,61,56,89,60,55,78,51,36,18,433,18,24,18,18,956
6/6/2024,34148556,203,61,56,89,60,56,78,51,36,18,433,18,24,36,18,956
6/6/2024,34148772,203,61,56,89,60,57,78,51,36,18,433,18,24,24,18,956
6/6/2024,34149889,203,61,56,89,60,58,78,51,36,18,433,18,24,848,18,956
6/6/2024,34149188,203,61,56,89,60,59,78,51,36,18,433,18,24,24,18,956
6/6/2024,34150829,203,61,56,89,60,60,78,51,36,18,433,18,24,42,18,956
6/6/2024,34840615,203,62,56,89,60,60,78,51,36,36,433,18,24,42,18,956
6/6/2024,34852086,203,63,56,89,60,60,78,51,36,30,433,18,24,42,18,956
6/6/2024,34853333,203,64,56,89,60,60,78,51,36,31,433,18,24,42,18,956
6/6/2024,34853632,203,65,56,89,60,60,78,51,36,48,433,18,24,42,18,956
6/6/2024,34853768,203,66,56,89,60,60,78,51,36,6,433,18,24,42,18,956
6/6/2024,34853916,203,67,56,89,60,60,78,51,36,18,433,18,24,42,18,956
6/6/2024,34853137,203,68,56,89,60,60,78,51,36,48,433,18,24,42,18,956
6/6/2024,34854484,203,69,56,89,60,60,78,51,36,42,433,18,24,42,18,956
6/6/2024,34854689,203,70,56,89,60,60,78,51,36,18,433,18,24,42,18,956
6/6/2024,34854831,203,71,56,89,60,60,78,51,36,12,433,18,24,42,18,956
6/6/2024,34854046,203,72,56,89,60,60,78,51,36,42,433,18,24,42,18,956
6/6/2024,34854261,203,73,56,89,60,60,78,51,36,24,433,18,24,42,18,956
6/6/2024,34855505,203,74,56,89,60,60,78,51,36,42,433,18,24,42,18,956
6/6/2024,34855882,203,75,56,89,60,60,78,51,36,48,433,18,24,42,18,956
6/6/2024,34855112,203,76,56,89,60,60,78,51,36,48,433,18,24,42,18,956
6/6/2024,34855248,203,77,56,89,60,60,78,51,36,6,433,18,24,42,18,956
6/6/2024,34856383,203,78,56,89,60,60,78,51,36,6,433,18,24,42,18,956
6/6/2024,34856646,203,79,56,89,60,60,78,51,36,60,433,18,24,42,18,956
6/6/2024,34856903,203,80,56,89,60,60,78,51,36,54,433,18,24,42,18,956
6/6/2024,34856166,203,81,56,89,60,60,78,51,36,36,433,18,24,42,18,956
6/6/2024,34857424,203,82,56,89,60,60,78,51,36,54,433,18,24,42,18,956
6/6/2024,34857674,203,83,56,89,60,60,78,51,36,48,433,18,24,42,18,956
6/6/2024,34857931,203,84,56,89,60,60,78,51,36,66,433,18,24,42,18,956
6/6/2024,34857181,203,85,56,89,60,60,78,51,36,60,433,18,24,42,18,956
6/6/2024,34858438,203,86,56,89,60,60,78,51,36,48,433,18,24,42,18,956
6/6/2024,34858682,203,87,56,89,60,60,78,51,36,54,433,18,24,42,18,956
6/6/2024,34858954,203,88,56,89,60,60,78,51,36,42,433,18,24,42,18,956
6/6/2024,34858090,203,89,56,89,60,60,78,51,36,6,433,18,24,42,18,956
6/6/2024,34859358,203,90,56,89,60,60,78,51,36,48,433,18,24,42,18,956
6/6/2024,34859494,203,91,56,89,60,60,78,51,36,6,433,18,24,42,18,956
6/6/2024,34859744,203,92,56,89,60,60,78,51,36,54,433,18,24,42,18,956
6/6/2024,34859018,203,93,56,89,60,60,78,51,36,54,433,18,24,42,18,956
6/6/2024,34859254,203,94,56,89,60,60,78,51,36,48,433,18,24,42,18,956
6/6/2024,34860396,203,95,56,89,60,60,78,51,36,12,433,18,24,42,18,956
6/6/2024,34860532,203,96,56,89,60,60,78,51,36,6,433,18,24,42,18,956
6/6/2024,34860765,203,97,56,89,60,60,78,51,36,42,433,18,24,42,18,956
6/6/2024,34860022,203,98,56,89,60,60,78,51,36,60,433,18,24,42,18,956
6/6/2024,34860266,203,99,56,89,60,60,78,51,36,54,433,18,24,42,18,956
6/6/2024,34861537,203,100,56,89,60,60,78,51,36,48,433,18,24,42,18,956
6/6/2024,34861806,203,101,56,89,60,60,78,51,36,48,433,18,24,42,18,956
6/6/2024,34861942,203,102,56,89,60,60,78,51,36,6,433,18,24,42,18,956
6/6/2024,34861077,203,103,56,89,60,60,78,51,36,6,433,18,24,42,18,956
6/6/2024,34862340,203,104,56,89,60,60,78,51,36,54,433,18,24,42,18,956
6/6/2024,34862477,203,105,56,89,60,60,78,51,36,6,433,18,24,42,18,956
6/6/2024,34862730,203,106,56,89,60,60,78,51,36,54,433,18,24,42,18,956
6/6/2024,34862076,203,107,56,89,60,60,78,51,36,42,433,18,24,42,18,956
6/6/2024,34863326,203,108,56,89,60,60,78,51,36,42,433,18,24,42,18,956
6/6/2024,34863463,203,109,56,89,60,60,78,51,36,6,433,18,24,42,18,956
6/6/2024,34863599,203,110,56,89,60,60,78,51,36,6,433,18,24,42,18,956
6/6/2024,34863843,203,111,56,89,60,60,78,51,36,42,433,18,24,42,18,956
6/6/2024,34863982,203,112,56,89,60,60,78,51,36,6,433,18,24,42,18,956
6/6/2024,34863239,203,113,56,89,60,60,78,51,36,36,433,18,24,42,18,956
6/6/2024,34864374,203,114,56,89,60,60,78,51,36,6,433,18,24,42,18,956
6/6/2024,34864624,203,115,56,89,60,60,78,51,36,30,433,18,24,42,18,956
6/6/2024,34864760,203,116,56,89,60,60,78,51,36,6,433,18,24,42,18,956
6/6/2024,34864896,203,117,56,89,60,60,78,51,36,6,433,18,24,42,18,956
6/6/2024,34864143,203,118,56,89,60,60,78,51,36,55,433,18,24,42,18,956
6/6/2024,34865387,203,119,56,89,60,60,78,51,36,54,433,18,24,42,18,956
6/6/2024,34865656,203,120,56,89,60,60,78,51,36,36,433,18,24,42,18,956
6/6/2024,34865900,203,121,56,89,60,60,78,51,36,49,433,18,24,42,18,956
6/6/2024,34865151,203,122,56,89,60,60,78,51,36,42,433,18,24,42,18,956
6/6/2024,34866294,203,123,56,89,60,60,78,51,36,13,433,18,24,42,18,956
6/6/2024,34866552,203,124,56,89,60,60,78,51,36,60,433,18,24,42,18,956
6/6/2024,34866797,203,125,56,89,60,60,78,51,36,54,433,18,24,42,18,956
6/6/2024,34866035,203,126,56,89,60,60,78,51,36,48,433,18,24,42,18,956
6/6/2024,34867292,203,127,56,89,60,60,78,51,36,48,433,18,24,42,18,956
6/6/2024,34867549,203,128,56,89,60,60,78,51,36,55,433,18,24,42,18,956
6/6/2024,34867793,203,129,56,89,60,60,78,51,36,30,433,18,24,42,18,956
6/6/2024,34867944,203,130,56,89,60,60,78,51,36,18,433,18,24,42,18,956
6/6/2024,34884559,203,131,56,89,60,60,78,51,36,18,433,18,24,42,18,956
6/6/2024,35043464,203,131,56,90,60,60,78,51,36,18,433,30,24,42,18,956
6/6/2024,35071597,203,131,56,91,60,60,78,51,36,18,433,24,24,42,18,956
6/6/2024,35071794,203,131,56,92,60,60,78,51,36,18,433,30,24,42,18,956
6/6/2024,35071093,203,131,56,93,60,60,78,51,36,18,433,30,24,42,18,956
6/6/2024,35071298,203,131,56,94,60,60,78,51,36,18,433,24,24,42,18,956
6/6/2024,35072591,203,131,56,95,60,60,78,51,36,18,433,37,24,42,18,956
6/6/2024,35072787,203,131,56,96,60,60,78,51,36,18,433,30,24,42,18,956
6/6/2024,35072200,203,131,56,97,60,60,78,51,36,18,433,42,24,42,18,956
6/6/2024,35073415,203,131,56,98,60,60,78,51,36,18,433,36,24,42,18,956
6/6/2024,35073666,203,131,56,99,60,60,78,51,36,18,433,54,24,42,18,956
6/6/2024,35073883,203,131,56,100,60,60,78,51,36,18,433,36,24,42,18,956
6/6/2024,35080473,203,131,56,100,61,60,78,51,36,18,433,36,12,42,18,956
6/6/2024,35083025,203,131,56,101,61,60,78,51,36,18,433,36,12,42,18,956
6/6/2024,35083221,203,131,56,102,61,60,78,51,36,18,433,30,12,42,18,956
6/6/2024,35241722,203,132,56,102,61,60,78,51,36,36,433,30,12,42,18,956
6/6/2024,35303895,203,132,56,103,61,60,78,51,36,36,433,12,12,42,18,956
6/6/2024,35305145,203,132,56,104,61,60,78,51,36,36,433,36,12,42,18,956
6/6/2024,35306390,203,132,56,105,61,60,78,51,36,36,433,18,12,42,18,956
6/6/2024,35306592,203,132,56,106,61,60,78,51,36,36,433,30,12,42,18,956
6/6/2024,35306885,203,132,56,107,61,60,78,51,36,36,433,30,12,42,18,956
6/6/2024,35306087,203,132,56,108,61,60,78,51,36,36,433,30,12,42,18,956
6/6/2024,35306314,203,132,56,109,61,60,78,51,36,36,433,30,12,42,18,956
6/6/2024,35307530,203,132,56,110,61,60,78,51,36,36,433,36,12,42,18,956
6/6/2024,35307763,203,132,56,111,61,60,78,51,36,36,433,42,12,42,18,956
6/6/2024,35307978,203,132,56,112,61,60,78,51,36,36,433,36,12,42,18,956
6/6/2024,35307193,203,132,56,113,61,60,78,51,36,36,433,30,12,42,18,956
6/6/2024,35308792,203,132,56,114,61,60,78,51,36,36,433,403,12,42,18,956
6/6/2024,35349738,203,132,56,114,61,60,78,52,36,36,433,403,12,42,18,842
6/6/2024,35526863,203,132,56,114,62,60,78,52,36,36,433,403,48,42,18,842
6/6/2024,35526041,203,132,56,114,63,60,78,52,36,36,433,403,24,42,18,842
6/6/2024,35527388,203,132,56,114,64,60,78,52,36,36,433,403,24,42,18,842
6/6/2024,35534964,203,132,56,114,65,60,78,52,36,36,433,403,42,42,18,842
6/6/2024,35534166,203,132,56,114,66,60,78,52,36,36,433,403,36,42,18,842
6/6/2024,35538914,203,132,56,114,67,60,78,52,36,36,433,403,18,42,18,842
6/6/2024,35549008,203,132,56,114,68,60,78,52,36,36,433,403,42,42,18,842
6/6/2024,35549198,203,132,56,114,69,60,78,52,36,36,433,403,42,42,18,842
6/6/2024,35677996,203,132,56,114,70,60,78,52,36,36,433,403,30,42,18,842
6/6/2024,35679486,203,132,56,114,71,60,78,52,36,36,433,403,36,42,18,842
6/6/2024,35679338,203,132,56,114,72,60,78,52,36,36,433,403,72,42,18,842
6/6/2024,35682110,203,132,56,114,73,60,78,52,36,36,433,403,48,42,18,842
6/6/2024,35698274,203,132,56,114,74,60,78,52,36,36,433,403,72,42,18,842
6/6/2024,35700920,203,132,56,114,75,60,78,52,36,36,433,403,120,42,18,842
6/6/2024,35713204,203,132,56,114,75,61,78,52,36,36,433,403,120,12,18,842
6/6/2024,35714242,203,132,56,114,75,62,78,52,36,36,433,403,120,30,18,842
6/6/2024,35717932,203,132,57,114,75,62,78,52,36,36,163,403,120,30,18,842
6/6/2024,35724742,203,132,57,114,76,62,78,52,36,36,163,403,24,30,18,842
6/6/2024,35725936,203,132,57,114,77,62,78,52,36,36,163,403,48,30,18,842
6/6/2024,35743597,203,132,57,114,78,62,78,52,36,36,163,403,602,30,18,842
6/6/2024,35772949,203,132,58,114,78,62,78,52,36,36,54,403,602,30,18,842
6/6/2024,35772151,203,132,59,114,78,62,78,52,36,36,42,403,602,30,18,842
6/6/2024,35772366,203,132,60,114,78,62,78,52,36,36,12,403,602,30,18,842
6/6/2024,35773686,203,132,61,114,78,62,78,52,36,36,30,403,602,30,18,842
6/6/2024,35773901,203,132,62,114,78,62,78,52,36,36,30,403,602,30,18,842
6/6/2024,35773181,203,132,63,114,78,62,78,52,36,36,54,403,602,30,18,842
6/6/2024,35773317,203,132,64,114,78,62,78,52,36,36,6,403,602,30,18,842
6/6/2024,35774168,203,132,65,114,78,62,78,52,36,36,48,403,602,30,18,842
6/6/2024,35774365,203,132,66,114,78,62,78,52,36,36,36,403,602,30,18,842
6/6/2024,35775588,203,132,67,114,78,62,78,52,36,36,48,403,602,30,18,842
6/6/2024,35775803,203,132,68,114,78,62,78,52,36,36,48,403,602,30,18,842
6/6/2024,35775036,203,132,69,114,78,62,78,52,36,36,30,403,602,30,18,842
6/6/2024,35776906,203,132,70,114,78,62,78,52,36,36,48,403,602,30,18,842
6/6/2024,35776121,203,132,71,114,78,62,78,52,36,36,48,403,602,30,18,842
6/6/2024,35776350,203,132,72,114,78,62,78,52,36,36,48,403,602,30,18,842
6/6/2024,35778858,203,132,73,114,78,62,78,52,36,36,42,403,602,30,18,842
6/6/2024,35778060,203,132,74,114,78,62,78,52,36,36,36,403,602,30,18,842
6/6/2024,35779394,203,132,75,114,78,62,78,52,36,36,49,403,602,30,18,842
6/6/2024,35779644,203,132,76,114,78,62,78,52,36,36,66,403,602,30,18,842
6/6/2024,35779888,203,132,77,114,78,62,78,52,36,36,54,403,602,30,18,842
6/6/2024,35779124,203,132,78,114,78,62,78,52,36,36,42,403,602,30,18,842
6/6/2024,35779362,203,132,79,114,78,62,78,52,36,36,61,403,602,30,18,842
6/6/2024,35780498,203,132,80,114,78,62,78,52,36,36,6,403,602,30,18,842
6/6/2024,35780730,203,132,81,114,78,62,78,52,36,36,48,403,602,30,18,842
6/6/2024,35798496,203,132,81,114,78,63,78,52,36,36,48,403,602,48,18,842
6/6/2024,35802910,203,132,81,114,78,63,78,53,36,36,48,403,602,48,18,84
6/6/2024,35802157,203,132,81,114,78,63,78,54,36,36,48,403,602,48,18,102
6/6/2024,35815908,203,132,82,114,78,63,78,54,36,36,54,403,602,48,18,102
6/6/2024,35816127,203,132,83,114,78,63,78,54,36,36,12,403,602,48,18,102
6/6/2024,35818007,203,132,84,114,78,63,78,54,36,36,36,403,602,48,18,102
6/6/2024,35820407,203,132,85,114,78,63,78,54,36,36,12,403,602,48,18,102
6/6/2024,35820186,203,132,86,114,78,63,78,54,36,36,18,403,602,48,18,102
6/6/2024,35821812,203,132,87,114,78,63,78,54,36,36,36,403,602,48,18,102
6/6/2024,35822213,203,132,87,114,78,63,78,55,36,36,36,403,602,48,18,90
6/6/2024,35824010,203,132,87,114,78,63,78,56,36,36,36,403,602,48,18,48
6/6/2024,35824200,203,132,87,114,78,63,78,57,36,36,36,403,602,48,18,36
6/6/2024,35824385,203,132,87,114,78,63,78,58,36,36,36,403,602,48,18,18
6/6/2024,35825605,203,132,87,114,78,63,78,59,36,36,36,403,602,48,18,36
6/6/2024,35825931,203,132,87,114,78,63,78,60,36,36,36,403,602,48,18,24
6/6/2024,35825338,203,132,87,114,78,63,78,61,36,36,36,403,602,48,18,30
6/6/2024,35826637,203,132,87,114,78,63,78,62,36,36,36,403,602,48,18,24
6/6/2024,35827783,203,132,87,114,78,63,78,63,36,36,36,403,602,48,18,1017
6/6/2024,35899858,203,132,88,114,78,63,78,63,36,36,282,403,602,48,18,1017
6/6/2024,35915257,203,132,89,114,78,63,78,63,36,36,54,403,602,48,18,1017
6/6/2024,35916456,203,132,90,114,78,63,78,63,36,36,42,403,602,48,18,1017
6/6/2024,35916658,203,132,91,114,78,63,78,63,36,36,36,403,602,48,18,1017
6/6/2024,35916879,203,132,92,114,78,63,78,63,36,36,36,403,602,48,18,1017
6/6/2024,35994039,203,132,92,114,78,63,78,64,36,36,36,403,602,48,18,920
6/6/2024,35996835,203,132,92,114,78,63,78,65,36,36,36,403,602,48,18,1215
6/6/2024,36027429,203,132,92,114,78,63,78,66,36,36,36,403,602,48,18,48
6/6/2024,36027613,203,132,92,114,78,63,78,67,36,36,36,403,602,48,18,42
6/6/2024,36027894,203,132,92,114,78,63,78,68,36,36,36,403,602,48,18,48
6/6/2024,36027078,203,132,92,114,78,63,78,69,36,36,36,403,602,48,18,30
6/6/2024,36027383,203,132,92,114,78,63,78,70,36,36,36,403,602,48,18,30
6/6/2024,36028591,203,132,92,114,78,63,78,71,36,36,36,403,602,48,18,36
6/6/2024,36028802,203,132,92,114,78,63,78,72,36,36,36,403,602,48,18,36
6/6/2024,36028029,203,132,92,114,78,63,78,73,36,36,36,403,602,48,18,30
6/6/2024,36028237,203,132,92,114,78,63,78,74,36,36,36,403,602,48,18,36
6/6/2024,36029457,203,132,92,114,78,63,78,75,36,36,36,403,602,48,18,36
6/6/2024,36029678,203,132,92,114,78,63,78,76,36,36,36,403,602,48,18,42
6/6/2024,36029893,203,132,92,114,78,63,78,77,36,36,36,403,602,48,18,42
6/6/2024,36029207,203,132,92,114,78,63,78,78,36,36,36,403,602,48,18,42
6/6/2024,36029409,203,132,92,114,78,63,78,79,36,36,36,403,602,48,18,36
6/6/2024,36030755,203,132,92,114,78,63,78,80,36,36,36,403,602,48,18,48
6/6/2024,36030898,203,132,92,114,78,63,78,81,36,36,36,403,602,48,18,12
6/6/2024,36032490,203,132,92,114,78,63,78,82,36,36,36,403,602,48,18,1462
6/6/2024,36070645,203,132,93,114,78,63,78,82,36,36,421,403,602,48,18,1462
6/6/2024,36077329,203,132,93,114,78,63,78,83,36,36,421,403,602,48,18,211
6/6/2024,36078519,203,132,93,114,78,63,78,84,36,36,421,403,602,48,18,60
6/6/2024,36078263,203,132,93,114,78,63,78,85,36,36,421,403,602,48,18,613
6/6/2024,36081828,203,132,93,114,78,63,78,86,36,36,421,403,602,48,18,848
6/6/2024,36098611,203,132,93,114,78,63,78,87,36,36,421,403,602,48,18,872
6/6/2024,36106458,203,132,93,114,78,63,78,88,36,36,421,403,602,48,18,12
6/6/2024,36106741,203,132,93,114,78,63,78,89,36,36,421,403,602,48,18,18
6/6/2024,36106016,203,132,93,114,78,63,78,90,36,36,421,403,602,48,18,30
6/6/2024,36106206,203,132,93,114,78,63,78,91,36,36,421,403,602,48,18,30
6/6/2024,36109398,203,132,93,114,78,63,78,92,36,36,421,403,602,48,18,927
6/6/2024,36114235,203,132,93,115,78,63,78,92,36,36,421,18,602,48,18,927
6/6/2024,36115011,203,132,93,116,78,63,78,92,36,36,421,18,602,48,18,927
6/6/2024,36115165,203,132,93,117,78,63,78,92,36,36,421,18,602,48,18,927
6/6/2024,36116487,203,132,93,118,78,63,78,92,36,36,421,36,602,48,18,927
6/6/2024,36116768,203,132,93,119,78,63,78,92,36,36,421,30,602,48,18,927
6/6/2024,36116970,203,132,93,120,78,63,78,92,36,36,421,30,602,48,18,927
6/6/2024,36116353,203,132,93,121,78,63,78,92,36,36,421,36,602,48,18,927
6/6/2024,36117552,203,132,93,122,78,63,78,92,36,36,421,30,602,48,18,927
6/6/2024,36117946,203,132,93,123,78,63,78,92,36,36,421,265,602,48,18,927
6/6/2024,36119543,203,132,94,123,78,63,78,92,36,36,12,265,602,48,18,927
6/6/2024,36132001,203,132,95,123,78,63,78,92,36,36,517,265,602,48,18,927
6/6/2024,36142198,203,132,96,123,78,63,78,92,36,36,54,265,602,48,18,927
6/6/2024,36142406,203,132,97,123,78,63,78,92,36,36,36,265,602,48,18,927
6/6/2024,36143026,203,132,98,123,78,63,78,92,36,36,67,265,602,48,18,927
6/6/2024,36143234,203,132,99,123,78,63,78,92,36,36,36,265,602,48,18,927
6/6/2024,36144449,203,132,100,123,78,63,78,92,36,36,48,265,602,48,18,927
6/6/2024,36144977,203,132,101,123,78,63,78,92,36,36,42,265,602,48,18,927
6/6/2024,36144173,203,132,102,123,78,63,78,92,36,36,36,265,602,48,18,927
6/6/2024,36144381,203,132,103,123,78,63,78,92,36,36,42,265,602,48,18,927
6/6/2024,36145283,203,132,104,123,78,63,78,92,36,36,607,265,602,48,18,927
6/6/2024,36268047,203,133,104,123,78,63,78,92,36,30,607,265,602,48,18,927
6/6/2024,36360472,203,134,104,123,78,63,78,92,36,295,607,265,602,48,18,927
6/6/2024,36397803,203,134,104,123,78,63,78,93,36,295,607,265,602,48,18,812
6/6/2024,36444246,203,134,104,123,78,63,78,94,36,295,607,265,602,48,18,18
6/6/2024,36871244,203,135,104,123,78,63,78,94,36,66,607,265,602,48,18,18
6/6/2024,37006618,204,135,104,123,78,63,78,94,6,66,607,265,602,48,18,18
6/6/2024,37059991,205,135,104,123,78,63,78,94,151,66,607,265,602,48,18,18
6/6/2024,37060970,206,135,104,123,78,63,78,94,848,66,607,265,602,48,18,18
6/6/2024,37071191,206,136,104,123,78,63,78,94,848,36,607,265,602,48,18,18
6/6/2024,37071393,206,137,104,123,78,63,78,94,848,24,607,265,602,48,18,18
6/6/2024,37072664,206,138,104,123,78,63,78,94,848,30,607,265,602,48,18,18
6/6/2024,37072855,206,139,104,123,78,63,78,94,848,24,607,265,602,48,18,18
6/6/2024,37072171,206,140,104,123,78,63,78,94,848,24,607,265,602,48,18,18
6/6/2024,37072373,206,141,104,123,78,63,78,94,848,36,607,265,602,48,18,18
6/6/2024,37073600,206,142,104,123,78,63,78,94,848,36,607,265,602,48,18,18
6/6/2024,37073796,206,143,104,123,78,63,78,94,848,30,607,265,602,48,18,18
6/6/2024,37073020,206,144,104,123,78,63,78,94,848,48,607,265,602,48,18,18
6/6/2024,37073232,206,145,104,123,78,63,78,94,848,42,607,265,602,48,18,18
6/6/2024,37073459,206,146,104,123,78,63,78,94,848,36,607,265,602,48,18,18
6/6/2024,37074667,206,147,104,123,78,63,78,94,848,42,607,265,602,48,18,18
6/6/2024,37074881,206,148,104,123,78,63,78,94,848,36,607,265,602,48,18,18
6/6/2024,37074096,206,149,104,123,78,63,78,94,848,36,607,265,602,48,18,18
6/6/2024,37074320,206,150,104,123,78,63,78,94,848,42,607,265,602,48,18,18
6/6/2024,37075547,206,151,104,123,78,63,78,94,848,48,607,265,602,48,18,18
6/6/2024,37075773,206,152,104,123,78,63,78,94,848,42,607,265,602,48,18,18
6/6/2024,37075994,206,153,104,123,78,63,78,94,848,30,607,265,602,48,18,18
6/6/2024,37075238,206,154,104,123,78,63,78,94,848,48,607,265,602,48,18,18
6/6/2024,37075449,206,155,104,123,78,63,78,94,848,42,607,265,602,48,18,18
6/6/2024,37076664,206,156,104,123,78,63,78,94,848,36,607,265,602,48,18,18
6/6/2024,37076890,206,157,104,123,78,63,78,94,848,43,607,265,602,48,18,18
6/6/2024,37076117,206,158,104,123,78,63,78,94,848,42,607,265,602,48,18,18
6/6/2024,37076355,206,159,104,123,78,63,78,94,848,42,607,265,602,48,18,18
6/6/2024,37077582,206,160,104,123,78,63,78,94,848,48,607,265,602,48,18,18
6/6/2024,37077799,206,161,104,123,78,63,78,94,848,30,607,265,602,48,18,18
6/6/2024,37077025,206,162,104,123,78,63,78,94,848,36,607,265,602,48,18,18
6/6/2024,37077252,206,163,104,123,78,63,78,94,848,42,607,265,602,48,18,18
6/6/2024,37077490,206,164,104,123,78,63,78,94,848,42,607,265,602,48,18,18
6/6/2024,37078626,206,165,104,123,78,63,78,94,848,6,607,265,602,48,18,18
6/6/2024,37078153,206,166,104,123,78,63,78,94,848,30,607,265,602,48,18,18
6/6/2024,37078353,206,167,104,123,78,63,78,94,848,42,607,265,602,48,18,18
6/6/2024,37096032,206,168,104,123,78,63,78,94,848,48,607,265,602,48,18,18
6/6/2024,37096253,206,169,104,123,78,63,78,94,848,42,607,265,602,48,18,18
6/6/2024,37097588,206,170,104,123,78,63,78,94,848,48,607,265,602,48,18,18
6/6/2024,37131794,207,170,104,123,78,63,78,94,30,48,607,265,602,48,18,18
6/6/2024,37131096,208,170,104,123,78,63,78,94,31,48,607,265,602,48,18,18
6/6/2024,37131304,209,170,104,123,78,63,78,94,30,48,607,265,602,48,18,18
6/6/2024,37131488,210,170,104,123,78,63,78,94,6,48,607,265,602,48,18,18
6/6/2024,37132696,211,170,104,123,78,63,78,94,6,48,607,265,602,48,18,18
6/6/2024,37132911,212,170,104,123,78,63,78,94,12,48,607,265,602,48,18,18
6/6/2024,37132117,213,170,104,123,78,63,78,94,24,48,607,265,602,48,18,18
6/6/2024,37132322,214,170,104,123,78,63,78,94,30,48,607,265,602,48,18,18
6/6/2024,37132519,215,170,104,123,78,63,78,94,24,48,607,265,602,48,18,18
6/6/2024,37133745,216,170,104,123,78,63,78,94,30,48,607,265,602,48,18,18
6/6/2024,37133960,217,170,104,123,78,63,78,94,30,48,607,265,602,48,18,18
6/6/2024,37133151,218,170,104,123,78,63,78,94,18,48,607,265,602,48,18,18
6/6/2024,37133366,219,170,104,123,78,63,78,94,18,48,607,265,602,48,18,18
6/6/2024,37134709,220,170,104,123,78,63,78,94,30,48,607,265,602,48,18,18
6/6/2024,37134182,221,170,104,123,78,63,78,94,31,48,607,265,602,48,18,18
6/6/2024,37134384,222,170,104,123,78,63,78,94,24,48,607,265,602,48,18,18
6/6/2024,37135929,223,170,104,123,78,63,78,94,24,48,607,265,602,48,18,18
6/6/2024,37135144,224,170,104,123,78,63,78,94,12,48,607,265,602,48,18,18
6/6/2024,37135346,225,170,104,123,78,63,78,94,12,48,607,265,602,48,18,18
6/6/2024,37136654,226,170,104,123,78,63,78,94,12,48,607,265,602,48,18,18
6/6/2024,37136886,227,170,104,123,78,63,78,94,31,48,607,265,602,48,18,18
6/6/2024,37136094,228,170,104,123,78,63,78,94,18,48,607,265,602,48,18,18
6/6/2024,37136344,229,170,104,123,78,63,78,94,36,48,607,265,602,48,18,18
6/6/2024,37137577,230,170,104,123,78,63,78,94,30,48,607,265,602,48,18,18
6/6/2024,37137799,231,170,104,123,78,63,78,94,25,48,607,265,602,48,18,18
6/6/2024,37137129,232,170,104,123,78,63,78,94,30,48,607,265,602,48,18,18
6/6/2024,37137337,233,170,104,123,78,63,78,94,30,48,607,265,602,48,18,18
6/6/2024,37138575,234,170,104,123,78,63,78,94,36,48,607,265,602,48,18,18
6/6/2024,37138790,235,170,104,123,78,63,78,94,30,48,607,265,602,48,18,18
6/6/2024,37138005,236,170,104,123,78,63,78,94,30,48,607,265,602,48,18,18
6/6/2024,37138222,237,170,104,123,78,63,78,94,24,48,607,265,602,48,18,18
6/6/2024,37138466,238,170,104,123,78,63,78,94,36,48,607,265,602,48,18,18
6/6/2024,37139674,239,170,104,123,78,63,78,94,18,48,607,265,602,48,18,18
6/6/2024,37139015,240,170,104,123,78,63,78,94,24,48,607,265,602,48,18,18
6/6/2024,37139247,241,170,104,123,78,63,78,94,18,48,607,265,602,48,18,18
6/6/2024,37139468,242,170,104,123,78,63,78,94,24,48,607,265,602,48,18,18
6/6/2024,37140697,243,170,104,123,78,63,78,94,18,48,607,265,602,48,18,18
6/6/2024,37140918,244,170,104,123,78,63,78,94,18,48,607,265,602,48,18,18
6/6/2024,37140144,245,170,104,123,78,63,78,94,30,48,607,265,602,48,18,18
6/6/2024,37140502,246,170,104,123,78,63,78,94,30,48,607,265,602,48,18,18
6/6/2024,37141735,247,170,104,123,78,63,78,94,30,48,607,265,602,48,18,18
6/6/2024,37141955,248,170,104,123,78,63,78,94,30,48,607,265,602,48,18,18
6/6/2024,37141185,249,170,104,123,78,63,78,94,30,48,607,265,602,48,18,18
6/6/2024,37141411,250,170,104,123,78,63,78,94,24,48,607,265,602,48,18,18
6/6/2024,37142626,251,170,104,123,78,63,78,94,24,48,607,265,602,48,18,18
6/6/2024,37142877,252,170,104,123,78,63,78,94,24,48,607,265,602,48,18,18
6/6/2024,37142098,253,170,104,123,78,63,78,94,18,48,607,265,602,48,18,18
6/6/2024,37142338,254,170,104,123,78,63,78,94,24,48,607,265,602,48,18,18
6/6/2024,37143571,255,170,104,123,78,63,78,94,18,48,607,265,602,48,18,18
6/6/2024,37143797,256,170,104,123,78,63,78,94,24,48,607,265,602,48,18,18
6/6/2024,37143041,257,170,104,123,78,63,78,94,30,48,607,265,602,48,18,18
6/6/2024,37143184,258,170,104,123,78,63,78,94,12,48,607,265,602,48,18,18
6/6/2024,37143411,259,170,104,123,78,63,78,94,31,48,607,265,602,48,18,18
6/6/2024,37144875,260,170,104,123,78,63,78,94,42,48,607,265,602,48,18,18
6/6/2024,37144204,261,170,104,123,78,63,78,94,42,48,607,265,602,48,18,18
6/6/2024,37144406,262,170,104,123,78,63,78,94,18,48,607,265,602,48,18,18
6/6/2024,37145638,263,170,104,123,78,63,78,94,25,48,607,265,602,48,18,18
6/6/2024,37145004,264,170,104,123,78,63,78,94,36,48,607,265,602,48,18,18
6/6/2024,37145236,265,170,104,123,78,63,78,94,30,48,607,265,602,48,18,18
6/6/2024,37145483,266,170,104,123,78,63,78,94,36,48,607,265,602,48,18,18
6/6/2024,37146710,267,170,104,123,78,63,78,94,30,48,607,265,602,48,18,18
6/6/2024,37146942,268,170,104,123,78,63,78,94,30,48,607,265,602,48,18,18
6/6/2024,37146163,269,170,104,123,78,63,78,94,30,48,607,265,602,48,18,18
6/6/2024,37146401,270,170,104,123,78,63,78,94,24,48,607,265,602,48,18,18
6/6/2024,37147181,271,170,104,123,78,63,78,94,30,48,607,265,602,48,18,18
6/6/2024,37147404,272,170,104,123,78,63,78,94,30,48,607,265,602,48,18,18
6/6/2024,37148631,273,170,104,123,78,63,78,94,36,48,607,265,602,48,18,18
6/6/2024,37148846,274,170,104,123,78,63,78,94,12,48,607,265,602,48,18,18
6/6/2024,37148103,275,170,104,123,78,63,78,94,36,48,607,265,602,48,18,18
6/6/2024,37148341,276,170,104,123,78,63,78,94,30,48,607,265,602,48,18,18
6/6/2024,37149599,277,170,104,123,78,63,78,94,37,48,607,265,602,48,18,18
6/6/2024,37149789,278,170,104,123,78,63,78,94,36,48,607,265,602,48,18,18
6/6/2024,37149136,279,170,104,123,78,63,78,94,36,48,607,265,602,48,18,18
6/6/2024,37149477,280,170,104,123,78,63,78,94,30,48,607,265,602,48,18,18
6/6/2024,37150799,281,170,104,123,78,63,78,94,30,48,607,265,602,48,18,18
6/6/2024,37150140,282,170,104,123,78,63,78,94,36,48,607,265,602,48,18,18
6/6/2024,37150492,283,170,104,123,78,63,78,94,36,48,607,265,602,48,18,18
6/6/2024,37151731,284,170,104,123,78,63,78,94,36,48,607,265,602,48,18,18
6/6/2024,37151963,285,170,104,123,78,63,78,94,36,48,607,265,602,48,18,18
6/6/2024,37151238,286,170,104,123,78,63,78,94,24,48,607,265,602,48,18,18
6/6/2024,37151482,287,170,104,123,78,63,78,94,30,48,607,265,602,48,18,18
6/6/2024,37152720,288,170,104,123,78,63,78,94,30,48,607,265,602,48,18,18
6/6/2024,37152956,289,170,104,123,78,63,78,94,36,48,607,265,602,48,18,18
6/6/2024,37152344,290,170,104,123,78,63,78,94,37,48,607,265,602,48,18,18
6/6/2024,37153588,291,170,104,123,78,63,78,94,36,48,607,265,602,48,18,18
6/6/2024,37153875,292,170,104,123,78,63,78,94,36,48,607,265,602,48,18,18
6/6/2024,37153083,293,170,104,123,78,63,78,94,18,48,607,265,602,48,18,18
6/6/2024,37153327,294,170,104,123,78,63,78,94,30,48,607,265,602,48,18,18
6/6/2024,37154671,295,170,104,123,78,63,78,94,30,48,607,265,602,48,18,18
6/6/2024,37154909,296,170,104,123,78,63,78,94,48,48,607,265,602,48,18,18
6/6/2024,37154273,297,170,104,123,78,63,78,94,30,48,607,265,602,48,18,18
6/6/2024,37154494,298,170,104,123,78,63,78,94,24,48,607,265,602,48,18,18
6/6/2024,37155732,299,170,104,123,78,63,78,94,30,48,607,265,602,48,18,18
6/6/2024,37155942,300,170,104,123,78,63,78,94,6,48,607,265,602,48,18,18
6/6/2024,37155186,301,170,104,123,78,63,78,94,12,48,607,265,602,48,18,18
6/6/2024,37155322,302,170,104,123,78,63,78,94,6,48,607,265,602,48,18,18
6/6/2024,37156543,303,170,104,123,78,63,78,94,24,48,607,265,602,48,18,18
6/6/2024,37156781,304,170,104,123,78,63,78,94,31,48,607,265,602,48,18,18
6/6/2024,37156056,305,170,104,123,78,63,78,94,30,48,607,265,602,48,18,18
6/6/2024,37156272,306,170,104,123,78,63,78,94,12,48,607,265,602,48,18,18
6/6/2024,37156517,307,170,104,123,78,63,78,94,30,48,607,265,602,48,18,18
6/6/2024,37157773,308,170,104,123,78,63,78,94,30,48,607,265,602,48,18,18
6/6/2024,37157029,309,170,104,123,78,63,78,94,30,48,607,265,602,48,18,18
6/6/2024,37157268,310,170,104,123,78,63,78,94,30,48,607,265,602,48,18,18
6/6/2024,37157500,311,170,104,123,78,63,78,94,18,48,607,265,602,48,18,18
6/6/2024,37158639,312,170,104,123,78,63,78,94,6,48,607,265,602,48,18,18
6/6/2024,37158877,313,170,104,123,78,63,78,94,19,48,607,265,602,48,18,18
6/6/2024,37158121,314,170,104,123,78,63,78,94,18,48,607,265,602,48,18,18
6/6/2024,37158402,315,170,104,123,78,63,78,94,42,48,607,265,602,48,18,18
6/6/2024,37159628,316,170,104,123,78,63,78,94,24,48,607,265,602,48,18,18
6/6/2024,37159879,317,170,104,123,78,63,78,94,36,48,607,265,602,48,18,18
6/6/2024,37159349,318,170,104,123,78,63,78,94,42,48,607,265,602,48,18,18
6/6/2024,37160576,319,170,104,123,78,63,78,94,36,48,607,265,602,48,18,18
6/6/2024,37160808,320,170,104,123,78,63,78,94,30,48,607,265,602,48,18,18
6/6/2024,37160052,321,170,104,123,78,63,78,94,30,48,607,265,602,48,18,18
6/6/2024,37160447,322,170,104,123,78,63,78,94,36,48,607,265,602,48,18,18
6/6/2024,37161673,323,170,104,123,78,63,78,94,18,48,607,265,602,48,18,18
6/6/2024,37161920,324,170,104,123,78,63,78,94,24,48,607,265,602,48,18,18
6/6/2024,37161159,325,170,104,123,78,63,78,94,30,48,607,265,602,48,18,18
6/6/2024,37161481,326,170,104,123,78,63,78,94,12,48,607,265,602,48,18,18
6/6/2024,37162617,327,170,104,123,78,63,78,94,6,48,607,265,602,48,18,18
6/6/2024,37162849,328,170,104,123,78,63,78,94,30,48,607,265,602,48,18,18
6/6/2024,37162090,329,170,104,123,78,63,78,94,24,48,607,265,602,48,18,18
6/6/2024,37162340,330,170,104,123,78,63,78,94,36,48,607,265,602,48,18,18
6/6/2024,37163585,331,170,104,123,78,63,78,94,30,48,607,265,602,48,18,18
6/6/2024,37163811,332,170,104,123,78,63,78,94,24,48,607,265,602,48,18,18
6/6/2024,37163061,333,170,104,123,78,63,78,94,30,48,607,265,602,48,18,18
6/6/2024,37163438,334,170,104,123,78,63,78,94,36,48,607,265,602,48,18,18
6/6/2024,37164685,335,170,104,123,78,63,78,94,36,48,607,265,602,48,18,18
6/6/2024,37164924,336,170,104,123,78,63,78,94,12,48,607,265,602,48,18,18
6/6/2024,37164078,337,170,104,123,78,63,78,94,24,48,607,265,602,48,18,18
6/6/2024,37164215,338,170,104,123,78,63,78,94,6,48,607,265,602,48,18,18
6/6/2024,37164430,339,170,104,123,78,63,78,94,30,48,607,265,602,48,18,18
6/6/2024,37165662,340,170,104,123,78,63,78,94,24,48,607,265,602,48,18,18
6/6/2024,37165902,341,170,104,123,78,63,78,94,18,48,607,265,602,48,18,18
6/6/2024,37165279,342,170,104,123,78,63,78,94,36,48,607,265,602,48,18,18
6/6/2024,37165500,343,170,104,123,78,63,78,94,24,48,607,265,602,48,18,18
6/6/2024,37166757,344,170,104,123,78,63,78,94,30,48,607,265,602,48,18,18
6/6/2024,37166020,345,170,104,123,78,63,78,94,36,48,607,265,602,48,18,18
6/6/2024,37166240,346,170,104,123,78,63,78,94,24,48,607,265,602,48,18,18
6/6/2024,37166470,347,170,104,123,78,63,78,94,12,48,607,265,602,48,18,18
6/6/2024,37167606,348,170,104,123,78,63,78,94,6,48,607,265,602,48,18,18
6/6/2024,37167844,349,170,104,123,78,63,78,94,24,48,607,265,602,48,18,18
6/6/2024,37169634,350,170,104,123,78,63,78,94,24,48,607,265,602,48,18,18
6/6/2024,37169836,351,170,104,123,78,63,78,94,18,48,607,265,602,48,18,18
6/6/2024,37169162,352,170,104,123,78,63,78,94,36,48,607,265,602,48,18,18
6/6/2024,37169520,353,170,104,123,78,63,78,94,31,48,607,265,602,48,18,18
6/6/2024,37170867,354,170,104,123,78,63,78,94,24,48,607,265,602,48,18,18
6/6/2024,37170105,355,170,104,123,78,63,78,94,42,48,607,265,602,48,18,18
6/6/2024,37171602,356,170,104,123,78,63,78,94,24,48,607,265,602,48,18,18
6/6/2024,37171835,357,170,104,123,78,63,78,94,24,48,607,265,602,48,18,18
6/6/2024,37171070,358,170,104,123,78,63,78,94,24,48,607,265,602,48,18,18
6/6/2024,37171459,359,170,104,123,78,63,78,94,30,48,607,265,602,48,18,18
6/6/2024,37172697,360,170,104,123,78,63,78,94,36,48,607,265,602,48,18,18
6/6/2024,37172947,361,170,104,123,78,63,78,94,30,48,607,265,602,48,18,18
6/6/2024,37172204,362,170,104,123,78,63,78,94,36,48,607,265,602,48,18,18
6/6/2024,37172436,363,170,104,123,78,63,78,94,30,48,607,265,602,48,18,18
6/6/2024,37173695,364,170,104,123,78,63,78,94,30,48,607,265,602,48,18,18
6/6/2024,37173970,365,170,104,123,78,63,78,94,36,48,607,265,602,48,18,18
6/6/2024,37173341,366,170,104,123,78,63,78,94,24,48,607,265,602,48,18,18
6/6/2024,37174567,367,170,104,123,78,63,78,94,18,48,607,265,602,48,18,18
6/6/2024,37174824,368,170,104,123,78,63,78,94,42,48,607,265,602,48,18,18
6/6/2024,37174051,369,170,104,123,78,63,78,94,30,48,607,265,602,48,18,18
6/6/2024,37174298,370,170,104,123,78,63,78,94,12,48,607,265,602,48,18,18
6/6/2024,37174524,371,170,104,123,78,63,78,94,18,48,607,265,602,48,18,18
6/6/2024,37175775,372,170,104,123,78,63,78,94,30,48,607,265,602,48,18,18
6/6/2024,37175362,373,170,104,123,78,63,78,94,31,48,607,265,602,48,18,18
6/6/2024,37477011,373,171,104,123,78,63,78,94,31,30,607,265,602,48,18,18
6/6/2024,37477240,373,172,104,123,78,63,78,94,31,30,607,265,602,48,18,18
6/6/2024,37477448,373,173,104,123,78,63,78,94,31,42,607,265,602,48,18,18
6/6/2024,37478645,373,174,104,123,78,63,78,94,31,36,607,265,602,48,18,18
6/6/2024,37478841,373,175,104,123,78,63,78,94,31,36,607,265,602,48,18,18
6/6/2024,37478043,373,176,104,123,78,63,78,94,31,30,607,265,602,48,18,18
6/6/2024,37478251,373,177,104,123,78,63,78,94,31,48,607,265,602,48,18,18
6/6/2024,37478481,373,178,104,123,78,63,78,94,31,48,607,265,602,48,18,18
6/6/2024,37479713,373,179,104,123,78,63,78,94,31,49,607,265,602,48,18,18
6/6/2024,37479940,373,180,104,123,78,63,78,94,31,36,607,265,602,48,18,18
6/6/2024,37479161,373,181,104,123,78,63,78,94,31,49,607,265,602,48,18,18
6/6/2024,37479387,373,182,104,123,78,63,78,94,31,36,607,265,602,48,18,18
6/6/2024,37480614,373,183,104,123,78,63,78,94,31,48,607,265,602,48,18,18
6/6/2024,37480831,373,184,104,123,78,63,78,94,31,36,607,265,602,48,18,18
6/6/2024,37480063,373,185,104,123,78,63,78,94,31,54,607,265,602,48,18,18
6/6/2024,37480271,373,186,104,123,78,63,78,94,31,24,607,265,602,48,18,18
6/6/2024,37480492,373,187,104,123,78,63,78,94,31,42,607,265,602,48,18,18
6/6/2024,37481814,373,188,104,123,78,63,78,94,31,42,607,265,602,48,18,18
6/6/2024,37481035,373,189,104,123,78,63,78,94,31,48,607,265,602,48,18,18
6/6/2024,37481270,373,190,104,123,78,63,78,94,31,48,607,265,602,48,18,18
6/6/2024,37481491,373,191,104,123,78,63,78,94,31,48,607,265,602,48,18,18
6/6/2024,37482729,373,192,104,123,78,63,78,94,31,48,607,265,602,48,18,18
6/6/2024,37482944,373,193,104,123,78,63,78,94,31,42,607,265,602,48,18,18
6/6/2024,37482177,373,194,104,123,78,63,78,94,31,48,607,265,602,48,18,18
6/6/2024,37482412,373,195,104,123,78,63,78,94,31,48,607,265,602,48,18,18
6/6/2024,37483639,373,196,104,123,78,63,78,94,31,55,607,265,602,48,18,18
6/6/2024,37483871,373,197,104,123,78,63,78,94,31,48,607,265,602,48,18,18
6/6/2024,37483115,373,198,104,123,78,63,78,94,31,42,607,265,602,48,18,18
6/6/2024,37483342,373,199,104,123,78,63,78,94,31,60,607,265,602,48,18,18
6/6/2024,37484580,373,200,104,123,78,63,78,94,31,42,607,265,602,48,18,18
6/6/2024,37484839,373,201,104,123,78,63,78,94,31,55,607,265,602,48,18,18
6/6/2024,37484088,373,202,104,123,78,63,78,94,31,48,607,265,602,48,18,18
6/6/2024,37484345,373,203,104,123,78,63,78,94,31,54,607,265,602,48,18,18
6/6/2024,37485589,373,204,104,123,78,63,78,94,31,60,607,265,602,48,18,18
6/6/2024,37485840,373,205,104,123,78,63,78,94,31,54,607,265,602,48,18,18
6/6/2024,37485090,373,206,104,123,78,63,78,94,31,54,607,265,602,48,18,18
6/6/2024,37485319,373,207,104,123,78,63,78,94,31,36,607,265,602,48,18,18
6/6/2024,37485516,373,208,104,123,78,63,78,94,31,30,607,265,602,48,18,18
6/6/2024,37486754,373,209,104,123,78,63,78,94,31,55,607,265,602,48,18,18
6/6/2024,37486969,373,210,104,123,78,63,78,94,31,42,607,265,602,48,18,18
6/6/2024,37486213,373,211,104,123,78,63,78,94,31,42,607,265,602,48,18,18
6/6/2024,37486451,373,212,104,123,78,63,78,94,31,48,607,265,602,48,18,18
6/6/2024,37487675,373,213,104,123,78,63,78,94,31,42,607,265,602,48,18,18
6/6/2024,37487896,373,214,104,123,78,63,78,94,31,42,607,265,602,48,18,18
6/6/2024,37487134,373,215,104,123,78,63,78,94,31,49,607,265,602,48,18,18
6/6/2024,37487361,373,216,104,123,78,63,78,94,31,48,607,265,602,48,18,18
6/6/2024,37488599,373,217,104,123,78,63,78,94,31,42,607,265,602,48,18,18
6/6/2024,37488738,373,218,104,123,78,63,78,94,31,6,607,265,602,48,18,18
6/6/2024,37488976,373,219,104,123,78,63,78,94,31,48,607,265,602,48,18,18
6/6/2024,37488227,373,220,104,123,78,63,78,94,31,54,607,265,602,48,18,18
6/6/2024,37488460,373,221,104,123,78,63,78,94,31,48,607,265,602,48,18,18
6/6/2024,37489692,373,222,104,123,78,63,78,94,31,48,607,265,602,48,18,18
6/6/2024,37489936,373,223,104,123,78,63,78,94,31,54,607,265,602,48,18,18
6/6/2024,37489189,373,224,104,123,78,63,78,94,31,49,607,265,602,48,18,18
6/6/2024,37489427,373,225,104,123,78,63,78,94,31,54,607,265,602,48,18,18
6/6/2024,37490666,373,226,104,123,78,63,78,94,31,54,607,265,602,48,18,18
6/6/2024,37490898,373,227,104,123,78,63,78,94,31,36,607,265,602,48,18,18
6/6/2024,37490155,373,228,104,123,78,63,78,94,31,54,607,265,602,48,18,18
6/6/2024,37490405,373,229,104,123,78,63,78,94,31,60,607,265,602,48,18,18
6/6/2024,37491664,373,230,104,123,78,63,78,94,31,55,607,265,602,48,18,18
6/6/2024,37491896,373,231,104,123,78,63,78,94,31,43,607,265,602,48,18,18
6/6/2024,37491123,373,232,104,123,78,63,78,94,31,48,607,265,602,48,18,18
6/6/2024,37491367,373,233,104,123,78,63,78,94,31,61,607,265,602,48,18,18
6/6/2024,37492618,373,234,104,123,78,63,78,94,31,54,607,265,602,48,18,18
6/6/2024,37492862,373,235,104,123,78,63,78,94,31,55,607,265,602,48,18,18
6/6/2024,37492109,373,236,104,123,78,63,78,94,31,42,607,265,602,48,18,18
6/6/2024,37492366,373,237,104,123,78,63,78,94,31,54,607,265,602,48,18,18
6/6/2024,37493605,373,238,104,123,78,63,78,94,31,48,607,265,602,48,18,18
6/6/2024,37493861,373,239,104,123,78,63,78,94,31,42,607,265,602,48,18,18
6/6/2024,37493124,373,240,104,123,78,63,78,94,31,54,607,265,602,48,18,18
6/6/2024,37493383,373,241,104,123,78,63,78,94,31,61,607,265,602,48,18,18
6/6/2024,37494640,373,242,104,123,78,63,78,94,31,60,607,265,602,48,18,18
6/6/2024,37494878,373,243,104,123,78,63,78,94,31,54,607,265,602,48,18,18
6/6/2024,37494128,373,244,104,123,78,63,78,94,31,54,607,265,602,48,18,18
6/6/2024,37494264,373,245,104,123,78,63,78,94,31,6,607,265,602,48,18,18
6/6/2024,37494508,373,246,104,123,78,63,78,94,31,49,607,265,602,48,18,18
6/6/2024,37495755,373,247,104,123,78,63,78,94,31,49,607,265,602,48,18,18
6/6/2024,37495024,373,248,104,123,78,63,78,94,31,42,607,265,602,48,18,18
6/6/2024,37495268,373,249,104,123,78,63,78,94,31,42,607,265,602,48,18,18
6/6/2024,37495525,373,250,104,123,78,63,78,94,31,54,607,265,602,48,18,18
6/6/2024,37496769,373,251,104,123,78,63,78,94,31,49,607,265,602,48,18,18
6/6/2024,37496032,373,252,104,123,78,63,78,94,31,54,607,265,602,48,18,18
6/6/2024,37496273,373,253,104,123,78,63,78,94,31,42,607,265,602,48,18,18
6/6/2024,37496409,373,254,104,123,78,63,78,94,31,6,607,265,602,48,18,18
6/6/2024,37497660,373,255,104,123,78,63,78,94,31,36,607,265,602,48,18,18
6/6/2024,37497808,373,256,104,123,78,63,78,94,31,18,607,265,602,48,18,18
6/6/2024,37497052,373,257,104,123,78,63,78,94,31,48,607,265,602,48,18,18
6/6/2024,37497309,373,258,104,123,78,63,78,94,31,60,607,265,602,48,18,18
6/6/2024,37497562,373,259,104,123,78,63,78,94,31,61,607,265,602,48,18,18
6/6/2024,37498825,373,260,104,123,78,63,78,94,31,48,607,265,602,48,18,18
6/6/2024,37498961,373,261,104,123,78,63,78,94,31,6,607,265,602,48,18,18
6/6/2024,37498187,373,262,104,123,78,63,78,94,31,24,607,265,602,48,18,18
6/6/2024,37498323,373,263,104,123,78,63,78,94,31,6,607,265,602,48,18,18
6/6/2024,37499582,373,264,104,123,78,63,78,94,31,42,607,265,602,48,18,18
6/6/2024,37499839,373,265,104,123,78,63,78,94,31,61,607,265,602,48,18,18
6/6/2024,37499083,373,266,104,123,78,63,78,94,31,54,607,265,602,48,18,18
6/6/2024,37499353,373,267,104,123,78,63,78,94,31,60,607,265,602,48,18,18
6/6/2024,37500604,373,268,104,123,78,63,78,94,31,54,607,265,602,48,18,18
6/6/2024,37500831,373,269,104,123,78,63,78,94,31,48,607,265,602,48,18,18
6/6/2024,37500066,373,270,104,123,78,63,78,94,31,48,607,265,602,48,18,18
6/6/2024,37500323,373,271,104,123,78,63,78,94,31,42,607,265,602,48,18,18
6/6/2024,37500567,373,272,104,123,78,63,78,94,31,48,607,265,602,48,18,18
6/6/2024,37501830,373,273,104,123,78,63,78,94,31,54,607,265,602,48,18,18
6/6/2024,37501093,373,274,104,123,78,63,78,94,31,60,607,265,602,48,18,18
6/6/2024,37501337,373,275,104,123,78,63,78,94,31,55,607,265,602,48,18,18
6/6/2024,37501566,373,276,104,123,78,63,78,94,31,30,607,265,602,48,18,18
6/6/2024,37502702,373,277,104,123,78,63,78,94,31,6,607,265,602,48,18,18
6/6/2024,37502188,373,278,104,123,78,63,78,94,31,43,607,265,602,48,18,18
6/6/2024,37502432,373,279,104,123,78,63,78,94,31,54,607,265,602,48,18,18
6/6/2024,37502569,373,280,104,123,78,63,78,94,31,6,607,265,602,48,18,18
6/6/2024,37503813,373,281,104,123,78,63,78,94,31,42,607,265,602,48,18,18
6/6/2024,37503060,373,282,104,123,78,63,78,94,31,48,607,265,602,48,18,18
6/6/2024,37503298,373,283,104,123,78,63,78,94,31,25,607,265,602,48,18,18
6/6/2024,37503536,373,284,104,123,78,63,78,94,31,54,607,265,602,48,18,18
6/6/2024,37504763,373,285,104,123,78,63,78,94,31,24,607,265,602,48,18,18
6/6/2024,37504007,373,286,104,123,78,63,78,94,31,60,607,265,602,48,18,18
6/6/2024,37504266,373,287,104,123,78,63,78,94,31,60,607,265,602,48,18,18
6/6/2024,37504493,373,288,104,123,78,63,78,94,31,30,607,265,602,48,18,18
6/6/2024,37505628,373,289,104,123,78,63,78,94,31,6,607,265,602,48,18,18
6/6/2024,37505885,373,290,104,123,78,63,78,94,31,54,607,265,602,48,18,18
6/6/2024,37505021,373,291,104,123,78,63,78,94,31,6,607,265,602,48,18,18
6/6/2024,37505290,373,292,104,123,78,63,78,94,31,54,607,265,602,48,18,18
6/6/2024,37505525,373,293,104,123,78,63,78,94,31,36,607,265,602,48,18,18
6/6/2024,37506776,373,294,104,123,78,63,78,94,31,48,607,265,602,48,18,18
6/6/2024,37506026,373,295,104,123,78,63,78,94,31,48,607,265,602,48,18,18
6/6/2024,37506283,373,296,104,123,78,63,78,94,31,36,607,265,602,48,18,18
6/6/2024,37506437,373,297,104,123,78,63,78,94,31,24,607,265,602,48,18,18
6/6/2024,37507694,373,298,104,123,78,63,78,94,31,48,607,265,602,48,18,18
6/6/2024,37507950,373,299,104,123,78,63,78,94,31,42,607,265,602,48,18,18
6/6/2024,37507207,373,300,104,123,78,63,78,94,31,48,607,265,602,48,18,18
6/6/2024,37507457,373,301,104,123,78,63,78,94,31,31,607,265,602,48,18,18
6/6/2024,37508593,373,302,104,123,78,63,78,94,31,6,607,265,602,48,18,18
6/6/2024,37508843,373,303,104,123,78,63,78,94,31,60,607,265,602,48,18,18
6/6/2024,37508093,373,304,104,123,78,63,78,94,31,54,607,265,602,48,18,18
6/6/2024,37508334,373,305,104,123,78,63,78,94,31,54,607,265,602,48,18,18
6/6/2024,37508566,373,306,104,123,78,63,78,94,31,49,607,265,602,48,18,18
6/6/2024,37509829,373,307,104,123,78,63,78,94,31,60,607,265,602,48,18,18
6/6/2024,37509092,373,308,104,123,78,63,78,94,31,48,607,265,602,48,18,18
6/6/2024,37509240,373,309,104,123,78,63,78,94,31,18,607,265,602,48,18,18
6/6/2024,37509533,373,310,104,123,78,63,78,94,31,36,607,265,602,48,18,18
6/6/2024,37510672,373,311,104,123,78,63,78,94,31,6,607,265,602,48,18,18
6/6/2024,37510922,373,312,104,123,78,63,78,94,31,61,607,265,602,48,18,18
6/6/2024,37510179,373,313,104,123,78,63,78,94,31,36,607,265,602,48,18,18
6/6/2024,37510417,373,314,104,123,78,63,78,94,31,42,607,265,602,48,18,18
6/6/2024,37510553,373,315,104,123,78,63,78,94,31,6,607,265,602,48,18,18
6/6/2024,37511950,373,316,104,123,78,63,78,94,31,24,607,265,602,48,18,18
6/6/2024,37511111,373,317,104,123,78,63,78,94,31,30,607,265,602,48,18,18
6/6/2024,37511343,373,318,104,123,78,63,78,94,31,54,607,265,602,48,18,18
6/6/2024,37511564,373,319,104,123,78,63,78,94,31,48,607,265,602,48,18,18
6/6/2024,37512821,373,320,104,123,78,63,78,94,31,54,607,265,602,48,18,18
6/6/2024,37512083,373,321,104,123,78,63,78,94,31,60,607,265,602,48,18,18
6/6/2024,37512342,373,322,104,123,78,63,78,94,31,60,607,265,602,48,18,18
6/6/2024,37513611,373,323,104,123,78,63,78,94,31,60,607,265,602,48,18,18
6/6/2024,37513747,373,324,104,123,78,63,78,94,31,6,607,265,602,48,18,18
6/6/2024,37513992,373,325,104,123,78,63,78,94,31,30,607,265,602,48,18,18
6/6/2024,37513140,373,326,104,123,78,63,78,94,31,18,607,265,602,48,18,18
6/6/2024,37513373,373,327,104,123,78,63,78,94,31,42,607,265,602,48,18,18
6/6/2024,37514631,373,328,104,123,78,63,78,94,31,54,607,265,602,48,18,18
6/6/2024,37514894,373,329,104,123,78,63,78,94,31,54,607,265,602,48,18,18
6/6/2024,37514151,373,330,104,123,78,63,78,94,31,54,607,265,602,48,18,18
6/6/2024,37514408,373,331,104,123,78,63,78,94,31,54,607,265,602,48,18,18
6/6/2024,37515646,373,332,104,123,78,63,78,94,31,49,607,265,602,48,18,18
6/6/2024,37515818,373,333,104,123,78,63,78,94,31,42,607,265,602,48,18,18
6/6/2024,37515059,373,334,104,123,78,63,78,94,31,48,607,265,602,48,18,18
6/6/2024,37515310,373,335,104,123,78,63,78,94,31,42,607,265,602,48,18,18
6/6/2024,37515447,373,336,104,123,78,63,78,94,31,6,607,265,602,48,18,18
6/6/2024,37516685,373,337,104,123,78,63,78,94,31,60,607,265,602,48,18,18
6/6/2024,37516918,373,338,104,123,78,63,78,94,31,30,607,265,602,48,18,18
6/6/2024,37516177,373,339,104,123,78,63,78,94,31,60,607,265,602,48,18,18
6/6/2024,37516319,373,340,104,123,78,63,78,94,31,12,607,265,602,48,18,18
6/6/2024,37517594,373,341,104,123,78,63,78,94,31,36,607,265,602,48,18,18
6/6/2024,37517730,373,342,104,123,78,63,78,94,31,6,607,265,602,48,18,18
6/6/2024,37517974,373,343,104,123,78,63,78,94,31,42,607,265,602,48,18,18
6/6/2024,37517123,373,344,104,123,78,63,78,94,31,18,607,265,602,48,18,18
6/6/2024,37517382,373,345,104,123,78,63,78,94,31,30,607,265,602,48,18,18
6/6/2024,37517554,373,346,104,123,78,63,78,94,31,42,607,265,602,48,18,18
6/6/2024,37518786,373,347,104,123,78,63,78,94,31,36,607,265,602,48,18,18
6/6/2024,37518037,373,348,104,123,78,63,78,94,31,60,607,265,602,48,18,18
6/6/2024,37518306,373,349,104,123,78,63,78,94,31,66,607,265,602,48,18,18
6/6/2024,37518442,373,350,104,123,78,63,78,94,31,6,607,265,602,48,18,18
6/6/2024,37519701,373,351,104,123,78,63,78,94,31,48,607,265,602,48,18,18
6/6/2024,37519958,373,352,104,123,78,63,78,94,31,42,607,265,602,48,18,18
6/6/2024,37519221,373,353,104,123,78,63,78,94,31,54,607,265,602,48,18,18
6/6/2024,37519363,373,354,104,123,78,63,78,94,31,12,607,265,602,48,18,18
6/6/2024,37520632,373,355,104,123,78,63,78,94,31,30,607,265,602,48,18,18
6/6/2024,37520786,373,356,104,123,78,63,78,94,31,25,607,265,602,48,18,18
6/6/2024,37520033,373,357,104,123,78,63,78,94,31,18,607,265,602,48,18,18
6/6/2024,37520284,373,358,104,123,78,63,78,94,31,42,607,265,602,48,18,18
6/6/2024,37546115,373,358,104,123,79,63,78,94,31,42,607,265,24,48,18,18
6/6/2024,37572144,373,358,104,123,79,63,79,94,31,42,607,265,24,48,512,18
6/6/2024,37582626,373,358,104,123,79,63,80,94,31,42,607,265,24,48,601,18
6/6/2024,37589862,373,358,104,123,79,63,81,94,31,42,607,265,24,48,415,18
6/6/2024,37632503,373,358,105,123,79,63,81,94,31,42,42,265,24,48,415,18
6/6/2024,37633723,373,358,106,123,79,63,81,94,31,42,48,265,24,48,415,18
6/6/2024,37633926,373,358,107,123,79,63,81,94,31,42,18,265,24,48,415,18
6/6/2024,37633170,373,358,108,123,79,63,81,94,31,42,48,265,24,48,415,18
6/6/2024,37665440,373,358,109,123,79,63,81,94,31,42,42,265,24,48,415,18
6/6/2024,37666657,373,358,110,123,79,63,81,94,31,42,42,265,24,48,415,18
6/6/2024,37666877,373,358,111,123,79,63,81,94,31,42,48,265,24,48,415,18
6/6/2024,37666344,373,358,112,123,79,63,81,94,31,42,24,265,24,48,415,18
6/6/2024,37666583,373,358,113,123,79,63,81,94,31,42,54,265,24,48,415,18
6/6/2024,37667718,373,358,114,123,79,63,81,94,31,42,6,265,24,48,415,18
6/6/2024,37667951,373,358,115,123,79,63,81,94,31,42,42,265,24,48,415,18
6/6/2024,37667192,373,358,116,123,79,63,81,94,31,42,24,265,24,48,415,18
6/6/2024,37667581,373,358,117,123,79,63,81,94,31,42,48,265,24,48,415,18
6/6/2024,37668832,373,358,118,123,79,63,81,94,31,42,60,265,24,48,415,18
6/6/2024,37668064,373,358,119,123,79,63,81,94,31,42,42,265,24,48,415,18
6/6/2024,37668200,373,358,120,123,79,63,81,94,31,42,6,265,24,48,415,18
6/6/2024,37669878,373,358,121,123,79,63,81,94,31,42,48,265,24,48,415,18
6/6/2024,37669125,373,358,122,123,79,63,81,94,31,42,60,265,24,48,415,18
6/6/2024,37669357,373,358,123,123,79,63,81,94,31,42,49,265,24,48,415,18
6/6/2024,37671237,373,358,124,123,79,63,81,94,31,42,54,265,24,48,415,18
6/6/2024,37671488,373,358,125,123,79,63,81,94,31,42,66,265,24,48,415,18
6/6/2024,37672727,373,358,126,123,79,63,81,94,31,42,60,265,24,48,415,18
6/6/2024,37672953,373,358,127,123,79,63,81,94,31,42,36,265,24,48,415,18
6/6/2024,37714523,373,358,127,123,80,63,81,94,31,42,36,265,12,48,415,18
6/6/2024,38128453,373,359,127,123,80,63,81,94,31,259,36,265,12,48,415,18
6/6/2024,38175313,373,360,127,123,80,63,81,94,31,90,36,265,12,48,415,18
6/6/2024,38309630,373,361,127,123,80,63,81,94,31,144,36,265,12,48,415,18
6/6/2024,38329860,373,362,127,123,80,63,81,94,31,150,36,265,12,48,415,18
6/6/2024,38329258,373,363,127,123,80,63,81,94,31,264,36,265,12,48,415,18
6/6/2024,38337309,373,364,127,123,80,63,81,94,31,782,36,265,12,48,415,18
6/6/2024,38342274,373,365,127,123,80,63,81,94,31,48,36,265,12,48,415,18
6/6/2024,38357608,373,366,127,123,80,63,81,94,31,283,36,265,12,48,415,18
6/6/2024,38358129,373,367,127,123,80,63,81,94,31,391,36,265,12,48,415,18
6/6/2024,38363824,373,368,127,123,80,63,81,94,31,6,36,265,12,48,415,18
6/6/2024,38441991,373,369,127,123,80,63,81,94,31,180,36,265,12,48,415,18
6/6/2024,38467035,373,370,127,123,80,63,81,94,31,187,36,265,12,48,415,18
6/6/2024,38658578,373,371,127,123,80,63,81,94,31,126,36,265,12,48,415,18
6/6/2024,38659918,373,372,127,123,80,63,81,94,31,210,36,265,12,48,415,18
6/6/2024,38700180,373,373,127,123,80,63,81,94,31,102,36,265,12,48,415,18
6/6/2024,38705265,373,374,127,123,80,63,81,94,31,103,36,265,12,48,415,18
6/6/2024,38712068,373,375,127,123,80,63,81,94,31,559,36,265,12,48,415,18
6/6/2024,38713980,373,376,127,123,80,63,81,94,31,78,36,265,12,48,415,18
6/6/2024,38713230,373,377,127,123,80,63,81,94,31,73,36,265,12,48,415,18
6/6/2024,38713468,373,378,127,123,80,63,81,94,31,25,36,265,12,48,415,18
6/6/2024,38714019,373,379,127,123,80,63,81,94,31,421,36,265,12,48,415,18
6/6/2024,38723465,373,380,127,123,80,63,81,94,31,18,36,265,12,48,415,18
6/6/2024,38726709,373,381,127,123,80,63,81,94,31,30,36,265,12,48,415,18
6/6/2024,38728672,373,382,127,123,80,63,81,94,31,36,36,265,12,48,415,18
6/6/2024,38744982,373,383,127,123,80,63,81,94,31,42,36,265,12,48,415,18
6/6/2024,38745810,373,384,127,123,80,63,81,94,31,168,36,265,12,48,415,18
6/6/2024,38770248,373,385,127,123,80,63,81,94,31,18,36,265,12,48,415,18
6/6/2024,38772899,373,386,127,123,80,63,81,94,31,102,36,265,12,48,415,18
6/6/2024,38900345,373,386,127,124,80,63,81,94,31,102,36,30,12,48,415,18
6/6/2024,38901806,373,386,127,125,80,63,81,94,31,102,36,36,12,48,415,18
6/6/2024,38901996,373,386,127,126,80,63,81,94,31,102,36,36,12,48,415,18
6/6/2024,38901198,373,386,127,127,80,63,81,94,31,102,36,42,12,48,415,18
6/6/2024,38901389,373,386,127,128,80,63,81,94,31,102,36,30,12,48,415,18
6/6/2024,38901576,373,386,127,129,80,63,81,94,31,102,36,18,12,48,415,18
6/6/2024,38902791,373,386,127,130,80,63,81,94,31,102,36,36,12,48,415,18
6/6/2024,38902999,373,386,127,131,80,63,81,94,31,102,36,24,12,48,415,18
6/6/2024,38902207,373,386,127,132,80,63,81,94,31,102,36,36,12,48,415,18
6/6/2024,38902428,373,386,127,133,80,63,81,94,31,102,36,48,12,48,415,18
6/6/2024,38902636,373,386,127,134,80,63,81,94,31,102,36,18,12,48,415,18
6/6/2024,38903853,373,386,127,135,80,63,81,94,31,102,36,18,12,48,415,18
6/6/2024,38903079,373,386,127,136,80,63,81,94,31,102,36,24,12,48,415,18
6/6/2024,38903300,373,386,127,137,80,63,81,94,31,102,36,30,12,48,415,18
6/6/2024,38903635,373,386,127,138,80,63,81,94,31,102,36,30,12,48,415,18
6/6/2024,38904886,373,386,127,139,80,63,81,94,31,102,36,36,12,48,415,18
6/6/2024,38904107,373,386,127,140,80,63,81,94,31,102,36,24,12,48,415,18
6/6/2024,38904445,373,386,127,141,80,63,81,94,31,102,36,36,12,48,415,18
6/6/2024,38904677,373,386,127,142,80,63,81,94,31,102,36,43,12,48,415,18
6/6/2024,38905898,373,386,127,143,80,63,81,94,31,102,36,18,12,48,415,18
6/6/2024,38905149,373,386,127,144,80,63,81,94,31,102,36,36,12,48,415,18
6/6/2024,38905507,373,386,127,145,80,63,81,94,31,102,36,42,12,48,415,18
6/6/2024,38906734,373,386,127,146,80,63,81,94,31,102,36,42,12,48,415,18
6/6/2024,38906964,373,386,127,147,80,63,81,94,31,102,36,43,12,48,415,18
6/6/2024,38906202,373,386,127,148,80,63,81,94,31,102,36,48,12,48,415,18
6/6/2024,38906434,373,386,127,149,80,63,81,94,31,102,36,36,12,48,415,18
6/6/2024,38906661,373,386,127,150,80,63,81,94,31,102,36,42,12,48,415,18
6/6/2024,38907893,373,386,127,151,80,63,81,94,31,102,36,24,12,48,415,18
6/6/2024,38907150,373,386,127,152,80,63,81,94,31,102,36,42,12,48,415,18
6/6/2024,38907380,373,386,127,153,80,63,81,94,31,102,36,42,12,48,415,18
6/6/2024,38907606,373,386,127,154,80,63,81,94,31,102,36,42,12,48,415,18
6/6/2024,38908827,373,386,127,155,80,63,81,94,31,102,36,36,12,48,415,18
6/6/2024,38908060,373,386,127,156,80,63,81,94,31,102,36,42,12,48,415,18
6/6/2024,38908298,373,386,127,157,80,63,81,94,31,102,36,42,12,48,415,18
6/6/2024,38908655,373,386,127,158,80,63,81,94,31,102,36,42,12,48,415,18
6/6/2024,38909870,373,386,127,159,80,63,81,94,31,102,36,36,12,48,415,18
6/6/2024,38909103,373,386,127,160,80,63,81,94,31,102,36,36,12,48,415,18
6/6/2024,38909335,373,386,127,161,80,63,81,94,31,102,36,42,12,48,415,18
6/6/2024,38909682,373,386,127,162,80,63,81,94,31,102,36,36,12,48,415,18
6/6/2024,38910903,373,386,127,163,80,63,81,94,31,102,36,30,12,48,415,18
6/6/2024,38910132,373,386,127,164,80,63,81,94,31,102,36,36,12,48,415,18
6/6/2024,38910401,373,386,127,165,80,63,81,94,31,102,36,42,12,48,415,18
6/6/2024,38910639,373,386,127,166,80,63,81,94,31,102,36,30,12,48,415,18
6/6/2024,38911775,373,386,127,167,80,63,81,94,31,102,36,6,12,48,415,18
6/6/2024,38911001,373,386,127,168,80,63,81,94,31,102,36,42,12,48,415,18
6/6/2024,38911216,373,386,127,169,80,63,81,94,31,102,36,42,12,48,415,18
6/6/2024,38911452,373,386,127,170,80,63,81,94,31,102,36,49,12,48,415,18
6/6/2024,38911696,373,386,127,171,80,63,81,94,31,102,36,42,12,48,415,18
6/6/2024,38912922,373,386,127,172,80,63,81,94,31,102,36,36,12,48,415,18
6/6/2024,38912172,373,386,127,173,80,63,81,94,31,102,36,48,12,48,415,18
6/6/2024,38912435,373,386,127,174,80,63,81,94,31,102,36,42,12,48,415,18
6/6/2024,38912673,373,386,127,175,80,63,81,94,31,102,36,48,12,48,415,18
6/6/2024,38913915,373,386,127,176,80,63,81,94,31,102,36,30,12,48,415,18
6/6/2024,38913273,373,386,127,177,80,63,81,94,31,102,36,43,12,48,415,18
6/6/2024,38913500,373,386,127,178,80,63,81,94,31,102,36,24,12,48,415,18
6/6/2024,38914732,373,386,127,179,80,63,81,94,31,102,36,12,12,48,415,18
6/6/2024,38914868,373,386,127,180,80,63,81,94,31,102,36,6,12,48,415,18
6/6/2024,38914371,373,386,127,181,80,63,81,94,31,102,36,36,12,48,415,18
6/6/2024,38914606,373,386,127,182,80,63,81,94,31,102,36,30,12,48,415,18
6/6/2024,39080209,373,386,128,182,80,63,81,94,31,102,217,30,12,48,415,18
6/6/2024,39094120,373,386,128,182,80,63,81,95,31,102,217,30,12,48,415,186
6/6/2024,39097708,373,386,128,182,80,63,81,96,31,102,217,30,12,48,415,1329
